Gene_name,ID
1-Sep,0
10-Sep,1
11-Sep,2
14-Sep,3
15-Sep,4
2-Mar,5
2-Sep,6
3-Sep,7
4-Sep,8
5-Sep,9
6-Sep,10
7-Sep,11
8-Sep,12
9-Sep,13
A1BG,14
A2M,15
AACS,16
AADAT,17
AAK1,18
AAMDC,19
AAMP,20
AARS,21
AARS2,22
AASDHPPT,23
AASS,24
AATK,25
ABAT,26
ABCA2,27
ABCA3,28
ABCA5,29
ABCA8,30
ABCB10,31
ABCB5,32
ABCB7,33
ABCB8,34
ABCB9,35
ABCC1,36
ABCC10,37
ABCC4,38
ABCC5,39
ABCC8,40
ABCD2,41
ABCD3,42
ABCE1,43
ABCF1,44
ABCF2,45
ABCG1,46
ABHD10,47
ABHD11,48
ABHD12,49
ABHD14B,50
ABHD16A,51
ABHD17B,52
ABHD6,53
ABI1,54
ABI2,55
ABI3,56
ABLIM1,57
ABLIM2,58
ABLIM3,59
ABR,60
ABRACL,61
ACACA,62
ACAD10,63
ACAD9,64
ACADSB,65
ACADVL,66
ACAN,67
ACAP2,68
ACAP3,69
ACAT1,70
ACAT2,71
ACBD3,72
ACBD5,73
ACBD7,74
ACIN1,75
ACLY,76
ACO1,77
ACO2,78
ACOT13,79
ACOT7,80
ACOT8,81
ACOT9,82
ACOX1,83
ACP2,84
ACSBG1,85
ACSF3,86
ACSL3,87
ACSL4,88
ACSL6,89
ACSS1,90
ACSS2,91
ACTA2,92
ACTB,93
ACTG1,94
ACTL6A,95
ACTL6B,96
ACTN1,97
ACTN2,98
ACTN4,99
ACTR10,100
ACTR1A,101
ACTR1B,102
ACTR2,103
ACTR3,104
ACTR3B,105
ACVR1,106
ACVR1B,107
ACVR2A,108
ACYP1,109
ACYP2,110
ADA,111
ADAM10,112
ADAM11,113
ADAM17,114
ADAM22,115
ADAM23,116
ADAP1,117
ADAR,118
ADCK1,119
ADCK3,120
ADCK4,121
ADCY1,122
ADCY2,123
ADCY3,124
ADCY7,125
ADCY9,126
ADCYAP1,127
ADCYAP1R1,128
ADD1,129
ADD2,130
ADD3,131
ADH1B,132
ADH5,133
ADI1,134
ADIRF,135
ADK,136
ADNP,137
ADORA1,138
ADPRHL2,139
ADRA2A,140
ADRBK1,141
ADRBK2,142
ADRM1,143
ADSS,144
ADSSL1,145
AEBP1,146
AES,147
AFAP1,148
AFAP1L2,149
AFF4,150
AFG3L2,151
AFM,152
AGAP1,153
AGAP2,154
AGAP3,155
AGFG1,156
AGFG2,157
AGK,158
AGO1,159
AGO2,160
AGO3,161
AGPAT1,162
AGPAT3,163
AGPAT4,164
AGPAT5,165
AGRN,166
AGT,167
AGTPBP1,168
AHCY,169
AHCYL1,170
AHCYL2,171
AHNAK,172
AHNAK2,173
AHSA1,174
AHSG,175
AIDA,176
AIF1,177
AIF1L,178
AIFM1,179
AIFM3,180
AIMP1,181
AIMP2,182
AIP,183
AJAP1,184
AK1,185
AK2,186
AK4,187
AK5,188
AKAP1,189
AKAP10,190
AKAP12,191
AKAP5,192
AKAP6,193
AKAP7,194
AKAP8L,195
AKAP9,196
AKR1A1,197
AKR1B1,198
AKR1B15,199
AKR7A2,200
AKT2,201
AKT3,202
ALAD,203
ALB,204
ALDH18A1,205
ALDH1A1,206
ALDH1A2,207
ALDH1A3,208
ALDH1L1,209
ALDH3A2,210
ALDH5A1,211
ALDH9A1,212
ALDOA,213
ALG11,214
ALKBH7,215
ALOX5,216
ALOX5AP,217
ALPL,218
ALS2,219
ALYREF,220
AMBP,221
AMD1,222
AMER2,223
AMFR,224
AMIGO1,225
AMOT,226
AMPD2,227
AMPD3,228
AMPH,229
ANGEL2,230
ANK1,231
ANK2,232
ANK3,233
ANKFY1,234
ANKH,235
ANKMY2,236
ANKRD13A,237
ANKRD18A,238
ANKRD24,239
ANKRD29,240
ANKRD34A,241
ANKRD35,242
ANKRD39,243
ANKS1B,244
ANLN,245
ANO3,246
ANO6,247
ANO8,248
ANP32A,249
ANP32B,250
ANP32E,251
ANXA1,252
ANXA2,253
ANXA4,254
ANXA5,255
ANXA6,256
ANXA7,257
AOC3,258
AP1B1,259
AP1G1,260
AP1M1,261
AP1M2,262
AP1S1,263
AP1S2,264
AP2A1,265
AP2A2,266
AP2B1,267
AP2S1,268
AP3B1,269
AP3B2,270
AP3D1,271
AP3M1,272
AP3M2,273
AP3S1,274
AP3S2,275
AP4S1,276
AP5M1,277
AP5S1,278
APBA1,279
APBA2,280
APBB1,281
APBB1IP,282
APC,283
APC2,284
APEH,285
APEX1,286
API5,287
APLP1,288
APMAP,289
APOA1,290
APOA2,291
APOB,292
APOC1,293
APOD,294
APOE,295
APOH,296
APOL1,297
APOL2,298
APOO,299
APOOL,300
APP,301
APPL1,302
APPL2,303
APRT,304
AQP4,305
AQR,306
ARAP1,307
ARC,308
ARCN1,309
ARF3,310
ARF4,311
ARF5,312
ARF6,313
ARFGAP1,314
ARFGAP2,315
ARFGAP3,316
ARFGEF1,317
ARFGEF2,318
ARFIP1,319
ARFIP2,320
ARG2,321
ARGLU1,322
ARHGAP1,323
ARHGAP10,324
ARHGAP17,325
ARHGAP20,326
ARHGAP21,327
ARHGAP23,328
ARHGAP26,329
ARHGAP32,330
ARHGAP33,331
ARHGAP35,332
ARHGAP39,333
ARHGAP44,334
ARHGDIA,335
ARHGDIB,336
ARHGEF1,337
ARHGEF10,338
ARHGEF11,339
ARHGEF12,340
ARHGEF2,341
ARHGEF26,342
ARHGEF4,343
ARHGEF40,344
ARHGEF6,345
ARHGEF7,346
ARHGEF9,347
ARID1A,348
ARID1B,349
ARIH1,350
ARL1,351
ARL10,352
ARL15,353
ARL3,354
ARL4C,355
ARL6,356
ARL6IP4,357
ARL6IP5,358
ARL8A,359
ARL8B,360
ARMC1,361
ARMC10,362
ARMC6,363
ARMC8,364
ARMCX1,365
ARMCX2,366
ARMCX3,367
ARPC1A,368
ARPC1B,369
ARPC2,370
ARPC3,371
ARPC4,372
ARPC5,373
ARPC5L,374
ARPIN,375
ARPP19,376
ARPP21,377
ARR3,378
ARRB1,379
ARSA,380
ART3,381
ARVCF,382
ASAH1,383
ASAP1,384
ASAP2,385
ASCC3,386
ASIC1,387
ASIC2,388
ASNA1,389
ASNS,390
ASNSD1,391
ASPA,392
ASPH,393
ASPHD2,394
ASRGL1,395
ASTN1,396
ASTN2,397
ATAD1,398
ATAD3A,399
ATAT1,400
ATCAY,401
ATE1,402
ATF2,403
ATG101,404
ATG12,405
ATG16L1,406
ATG2A,407
ATG2B,408
ATG3,409
ATG4B,410
ATG4C,411
ATG5,412
ATG7,413
ATG9A,414
ATIC,415
ATL1,416
ATL2,417
ATL3,418
ATOX1,419
ATP11A,420
ATP11B,421
ATP13A2,422
ATP13A3,423
ATP1A1,424
ATP1A2,425
ATP1A3,426
ATP1B1,427
ATP1B2,428
ATP1B3,429
ATP2A2,430
ATP2A3,431
ATP2B1,432
ATP2B2,433
ATP2B3,434
ATP2B4,435
ATP2C1,436
ATP5A1,437
ATP5B,438
ATP5C1,439
ATP5D,440
ATP5E,441
ATP5F1,442
ATP5H,443
ATP5I,444
ATP5J,445
ATP5L,446
ATP5S,447
ATP5SL,448
ATP6AP1,449
ATP6AP2,450
ATP6V0A1,451
ATP6V0D1,452
ATP6V1A,453
ATP6V1B2,454
ATP6V1C1,455
ATP6V1D,456
ATP6V1E1,457
ATP6V1F,458
ATP6V1G1,459
ATP6V1G2,460
ATP6V1H,461
ATP8A1,462
ATP8A2,463
ATP9A,464
ATPAF1,465
ATRNL1,466
ATRX,467
ATXN1,468
ATXN10,469
ATXN2,470
ATXN2L,471
AUH,472
AVEN,473
AVL9,474
AZGP1,475
AZI2,476
B2M,477
B3GAT3,478
B4GALNT1,479
B4GAT1,480
BAALC,481
BACE1,482
BAG2,483
BAG3,484
BAG4,485
BAG5,486
BAHCC1,487
BAIAP2,488
BAIAP3,489
BASP1,490
BAZ1B,491
BBOX1,492
BBS2,493
BBS4,494
BCAM,495
BCAP29,496
BCAP31,497
BCAR1,498
BCAR3,499
BCAS1,500
BCAS2,501
BCAS3,502
BCAT1,503
BCKDHB,504
BCKDK,505
BCL10,506
BCL2L1,507
BCL2L13,508
BCL2L2,509
BCL7A,510
BCLAF1,511
BCR,512
BCS1L,513
BDH1,514
BDH2,515
BECN1,516
BEGAIN,517
BGN,518
BIN1,519
BIRC2,520
BIRC6,521
BLMH,522
BLVRA,523
BLVRB,524
BMPR1A,525
BMPR2,526
BMS1,527
BNIP1,528
BNIP3,529
BNIP3L,530
BOD1,531
BOLA1,532
BOLA2,533
BOLA3,534
BPGM,535
BPNT1,536
BRAF,537
BRCC3,538
BRD4,539
BRE,540
BRI3BP,541
BRINP1,542
BRINP2,543
BRK1,544
BROX,545
BRSK1,546
BRSK2,547
BSDC1,548
BSN,549
BST2,550
BTBD11,551
BTBD17,552
BTF3,553
BTF3L4,554
BTN3A2,555
BTN3A3,556
BUB3,557
BUD31,558
BYSL,559
BZW1,560
BZW2,561
C10orf35,562
C10orf76,563
C11orf58,564
C11orf73,565
C12orf10,566
C12orf29,567
C12orf4,568
C12orf45,569
C12orf57,570
C12orf73,571
C14orf142,572
C14orf166,573
C14orf2,574
C16orf45,575
C16orf58,576
C16orf62,577
C16orf70,578
C17orf49,579
C17orf62,580
C17orf75,581
C18orf25,582
C18orf32,583
C18orf8,584
C19orf43,585
C19orf52,586
C19orf53,587
C19orf66,588
C19orf70,589
C1QA,590
C1QB,591
C1QBP,592
C1QC,593
C1QL1,594
C1QL2,595
C1QL3,596
C1R,597
C1S,598
C1orf116,599
C1orf122,600
C1orf123,601
C1orf167,602
C1orf198,603
C1orf21,604
C1orf27,605
C1orf52,606
C1orf95,607
C2,608
C20orf194,609
C21orf2,610
C2CD2,611
C2CD2L,612
C2CD4C,613
C2CD5,614
C2orf47,615
C2orf69,616
C2orf72,617
C2orf88,618
C3,619
C4A,620
C4B,621
C4BPA,622
C4orf27,623
C5,624
C5orf51,625
C6,626
C6orf136,627
C6orf203,628
C7,629
C7orf43,630
C8A,631
C8orf46,632
C8orf82,633
C9,634
C9orf142,635
C9orf16,636
C9orf64,637
C9orf72,638
C9orf78,639
CA1,640
CA10,641
CA14,642
CA2,643
CA3,644
CA4,645
CA8,646
CAB39,647
CAB39L,648
CABLES1,649
CABP1,650
CACHD1,651
CACNA1A,652
CACNA1B,653
CACNA1C,654
CACNA1E,655
CACNA2D1,656
CACNA2D2,657
CACNA2D3,658
CACNB1,659
CACNB2,660
CACNB3,661
CACNB4,662
CACNG2,663
CACNG3,664
CACNG8,665
CACYBP,666
CAD,667
CADM1,668
CADM2,669
CADM3,670
CADM4,671
CADPS,672
CADPS2,673
CALB1,674
CALB2,675
CALCOCO1,676
CALCOCO2,677
CALD1,678
CALM2,679
CALML3,680
CALR,681
CALU,682
CAMK1,683
CAMK1D,684
CAMK1G,685
CAMK2A,686
CAMK2B,687
CAMK2D,688
CAMK2G,689
CAMK2N1,690
CAMK2N2,691
CAMK4,692
CAMKK1,693
CAMKK2,694
CAMKV,695
CAMSAP1,696
CAMSAP2,697
CAMSAP3,698
CAND1,699
CANX,700
CAP1,701
CAP2,702
CAPG,703
CAPN1,704
CAPN2,705
CAPN5,706
CAPN7,707
CAPNS1,708
CAPRIN1,709
CAPRIN2,710
CAPS,711
CAPZA2,712
CAPZB,713
CARHSP1,714
CARKD,715
CARM1,716
CARNS1,717
CARS,718
CARS2,719
CARTPT,720
CASC3,721
CASC4,722
CASK,723
CASKIN1,724
CASP1,725
CAST,726
CAT,727
CATSPER2,728
CAV1,729
CAV2,730
CBFB,731
CBL,732
CBLN4,733
CBR1,734
CBR3,735
CBS,736
CBX1,737
CBX3,738
CBX5,739
CC2D1A,740
CC2D1B,741
CCAR1,742
CCAR2,743
CCDC12,744
CCDC124,745
CCDC127,746
CCDC129,747
CCDC136,748
CCDC177,749
CCDC25,750
CCDC28A,751
CCDC43,752
CCDC47,753
CCDC50,754
CCDC51,755
CCDC58,756
CCDC6,757
CCDC85A,758
CCDC88A,759
CCDC9,760
CCDC90B,761
CCDC91,762
CCDC93,763
CCK,764
CCM2,765
CCNT2,766
CCNY,767
CCNYL1,768
CCP110,769
CCS,770
CCSAP,771
CCT2,772
CCT3,773
CCT4,774
CCT5,775
CCT6A,776
CCT7,777
CCT8,778
CD109,779
CD14,780
CD151,781
CD163,782
CD200,783
CD2AP,784
CD2BP2,785
CD44,786
CD46,787
CD47,788
CD55,789
CD58,790
CD59,791
CD5L,792
CD63,793
CD74,794
CD81,795
CD82,796
CD9,797
CD93,798
CD99,799
CD99L2,800
CDA,801
CDC16,802
CDC27,803
CDC34,804
CDC37,805
CDC42,806
CDC42BPA,807
CDC42BPB,808
CDC42EP1,809
CDC42EP2,810
CDC42EP4,811
CDC42SE2,812
CDC5L,813
CDC73,814
CDH10,815
CDH11,816
CDH13,817
CDH18,818
CDH2,819
CDH20,820
CDH22,821
CDH4,822
CDH6,823
CDH7,824
CDH8,825
CDH9,826
CDIP1,827
CDIPT,828
CDK14,829
CDK16,830
CDK17,831
CDK18,832
CDK5,833
CDK5RAP3,834
CDK9,835
CDKL5,836
CDKN1B,837
CDKN2AIP,838
CDKN2C,839
CDR2L,840
CDS1,841
CDS2,842
CDV3,843
CDYL2,844
CEBPZOS,845
CECR5,846
CECR6,847
CELF1,848
CELF2,849
CELF3,850
CELF5,851
CELSR2,852
CEND1,853
CENPE,854
CENPP,855
CENPV,856
CEP135,857
CEP170,858
CEP170B,859
CEP97,860
CERS1,861
CERS2,862
CERS4,863
CERS6,864
CES1,865
CETN2,866
CFAP20,867
CFDP1,868
CFH,869
CFI,870
CFL1,871
CFL2,872
CGGBP1,873
CGNL1,874
CHAMP1,875
CHCHD1,876
CHCHD2,877
CHCHD3,878
CHCHD4,879
CHCHD6,880
CHD3,881
CHD4,882
CHD5,883
CHDH,884
CHGA,885
CHGB,886
CHI3L1,887
CHID1,888
CHL1,889
CHM,890
CHMP1A,891
CHMP2A,892
CHMP2B,893
CHMP3,894
CHMP4A,895
CHMP4B,896
CHMP5,897
CHMP6,898
CHMP7,899
CHN1,900
CHORDC1,901
CHP1,902
CHRM1,903
CHRM3,904
CHTF8,905
CHTOP,906
CHUK,907
CIAO1,908
CIAPIN1,909
CIB1,910
CIC,911
CIRBP,912
CISD1,913
CISD2,914
CIT,915
CKAP4,916
CKAP5,917
CKB,918
CKM,919
CKMT1A,920
CKMT2,921
CLASP1,922
CLASP2,923
CLCN3,924
CLCN4,925
CLCN5,926
CLCN7,927
CLDN10,928
CLDN11,929
CLDND1,930
CLEC2L,931
CLEC3B,932
CLGN,933
CLIC1,934
CLIC2,935
CLIC4,936
CLINT1,937
CLIP1,938
CLIP2,939
CLIP3,940
CLMN,941
CLN5,942
CLNS1A,943
CLPB,944
CLPTM1,945
CLPX,946
CLSTN1,947
CLSTN2,948
CLSTN3,949
CLTA,950
CLTB,951
CLTC,952
CLU,953
CLUH,954
CLVS1,955
CMAS,956
CMBL,957
CMC1,958
CMC2,959
CMIP,960
CMPK1,961
CMTM4,962
CMTM5,963
CMTR1,964
CNBP,965
CNDP1,966
CNDP2,967
CNIH2,968
CNKSR2,969
CNKSR3,970
CNN1,971
CNN2,972
CNN3,973
CNNM1,974
CNNM2,975
CNNM3,976
CNOT4,977
CNP,978
CNPY2,979
CNPY3,980
CNR1,981
CNRIP1,982
CNST,983
CNTFR,984
CNTN1,985
CNTN2,986
CNTN3,987
CNTN4,988
CNTN5,989
CNTN6,990
CNTNAP1,991
CNTNAP2,992
CNTNAP5,993
COA1,994
COA3,995
COA6,996
COA7,997
COBL,998
COG1,999
COG2,1000
COG3,1001
COG4,1002
COG5,1003
COG6,1004
COG7,1005
COG8,1006
COL11A1,1007
COL12A1,1008
COL14A1,1009
COL18A1,1010
COL1A1,1011
COL1A2,1012
COL23A1,1013
COL25A1,1014
COL2A1,1015
COL4A1,1016
COL4A2,1017
COL4A3BP,1018
COL5A2,1019
COL6A1,1020
COL6A2,1021
COL6A3,1022
COL6A6,1023
COLEC12,1024
COMMD3,1025
COMMD4,1026
COMMD5,1027
COMMD9,1028
COPA,1029
COPB1,1030
COPB2,1031
COPE,1032
COPG1,1033
COPRS,1034
COPS2,1035
COPS3,1036
COPS4,1037
COPS5,1038
COPS6,1039
COPS7A,1040
COPS7B,1041
COPS8,1042
COPZ1,1043
COQ5,1044
COQ9,1045
CORO1A,1046
CORO1B,1047
CORO1C,1048
CORO2A,1049
CORO2B,1050
CORO6,1051
CORO7,1052
COTL1,1053
COX19,1054
COX4I1,1055
COX5A,1056
COX5B,1057
COX6B1,1058
COX6C,1059
COX7A2,1060
COX7A2L,1061
COX7B,1062
COX7C,1063
CP,1064
CPD,1065
CPE,1066
CPEB4,1067
CPLX1,1068
CPLX2,1069
CPLX3,1070
CPM,1071
CPNE2,1072
CPNE3,1073
CPNE4,1074
CPNE5,1075
CPNE6,1076
CPNE7,1077
CPNE8,1078
CPNE9,1079
CPPED1,1080
CPQ,1081
CPSF1,1082
CPSF6,1083
CPSF7,1084
CPT1A,1085
CPT2,1086
CPTP,1087
CPVL,1088
CRAT,1089
CRBN,1090
CREB1,1091
CREB5,1092
CREG2,1093
CRELD1,1094
CRELD2,1095
CRH,1096
CRIP1,1097
CRIP2,1098
CRK,1099
CRKL,1100
CRMP1,1101
CROT,1102
CRTAC1,1103
CRTC1,1104
CRYAB,1105
CRYL1,1106
CRYM,1107
CS,1108
CSDC2,1109
CSDE1,1110
CSE1L,1111
CSK,1112
CSMD1,1113
CSMD2,1114
CSNK1A1,1115
CSNK1D,1116
CSNK1E,1117
CSNK1G1,1118
CSNK1G3,1119
CSNK2A1,1120
CSNK2A2,1121
CSNK2B,1122
CSPG4,1123
CSPG5,1124
CSRP1,1125
CSRP2,1126
CST7,1127
CSTB,1128
CSTF2,1129
CSTF3,1130
CTBP1,1131
CTBP2,1132
CTDP1,1133
CTGF,1134
CTH,1135
CTHRC1,1136
CTNNA1,1137
CTNNA2,1138
CTNNA3,1139
CTNNB1,1140
CTNNBL1,1141
CTNND1,1142
CTNND2,1143
CTPS1,1144
CTPS2,1145
CTSA,1146
CTSC,1147
CTSZ,1148
CTTN,1149
CTTNBP2,1150
CTTNBP2NL,1151
CUEDC2,1152
CUL1,1153
CUL2,1154
CUL3,1155
CUL4A,1156
CUL4B,1157
CUL5,1158
CUL7,1159
CUL9,1160
CUTA,1161
CUTC,1162
CUX1,1163
CWC15,1164
CWC27,1165
CWF19L1,1166
CXADR,1167
CXCL14,1168
CXorf56,1169
CYB561,1170
CYB5B,1171
CYB5R1,1172
CYB5R2,1173
CYBA,1174
CYC1,1175
CYCS,1176
CYFIP1,1177
CYFIP2,1178
CYGB,1179
CYLD,1180
CYP27A1,1181
CYP46A1,1182
CYP4X1,1183
CYP51A1,1184
CYP7B1,1185
CYTH1,1186
CYTH2,1187
CYTH3,1188
D2HGDH,1189
DAAM1,1190
DAAM2,1191
DAB2IP,1192
DACT3,1193
DAG1,1194
DAGLA,1195
DAGLB,1196
DAP3,1197
DAPK1,1198
DAPK3,1199
DARS,1200
DARS2,1201
DAZAP1,1202
DBI,1203
DBN1,1204
DBNL,1205
DBT,1206
DCAF7,1207
DCAF8,1208
DCAKD,1209
DCC,1210
DCK,1211
DCLK1,1212
DCLK2,1213
DCN,1214
DCP1A,1215
DCP1B,1216
DCPS,1217
DCTN1,1218
DCTN2,1219
DCTN3,1220
DCTN4,1221
DCTN5,1222
DCTPP1,1223
DCUN1D1,1224
DCX,1225
DCXR,1226
DDA1,1227
DDAH1,1228
DDAH2,1229
DDB1,1230
DDHD1,1231
DDHD2,1232
DDN,1233
DDOST,1234
DDR1,1235
DDX1,1236
DDX17,1237
DDX18,1238
DDX19A,1239
DDX19B,1240
DDX23,1241
DDX24,1242
DDX25,1243
DDX28,1244
DDX39A,1245
DDX3X,1246
DDX42,1247
DDX46,1248
DDX5,1249
DDX56,1250
DDX58,1251
DDX6,1252
DECR1,1253
DECR2,1254
DEK,1255
DENND1A,1256
DENND3,1257
DENND4B,1258
DENND4C,1259
DENND5A,1260
DENND5B,1261
DENND6B,1262
DENR,1263
DEPDC5,1264
DEPTOR,1265
DERA,1266
DES,1267
DESI1,1268
DFFA,1269
DGKA,1270
DGKB,1271
DGKD,1272
DGKE,1273
DGKG,1274
DGKH,1275
DGKI,1276
DGKQ,1277
DGKZ,1278
DGUOK,1279
DHCR24,1280
DHRS7,1281
DHRS7B,1282
DHX15,1283
DHX29,1284
DHX30,1285
DHX38,1286
DHX8,1287
DHX9,1288
DIABLO,1289
DIAPH1,1290
DIAPH2,1291
DICER1,1292
DIP2A,1293
DIP2B,1294
DIP2C,1295
DIRAS1,1296
DIRAS2,1297
DIS3,1298
DIS3L2,1299
DIXDC1,1300
DKC1,1301
DKK3,1302
DLAT,1303
DLC1,1304
DLD,1305
DLG1,1306
DLG2,1307
DLG3,1308
DLG4,1309
DLGAP1,1310
DLGAP2,1311
DLGAP3,1312
DLGAP4,1313
DLST,1314
DMD,1315
DMTN,1316
DMWD,1317
DMXL1,1318
DMXL2,1319
DNAH2,1320
DNAH8,1321
DNAH9,1322
DNAJA1,1323
DNAJA2,1324
DNAJA3,1325
DNAJA4,1326
DNAJB1,1327
DNAJB11,1328
DNAJB14,1329
DNAJB2,1330
DNAJB4,1331
DNAJB6,1332
DNAJC10,1333
DNAJC11,1334
DNAJC12,1335
DNAJC13,1336
DNAJC16,1337
DNAJC17,1338
DNAJC19,1339
DNAJC3,1340
DNAJC30,1341
DNAJC5,1342
DNAJC5B,1343
DNAJC6,1344
DNAJC7,1345
DNAJC8,1346
DNAL1,1347
DNAL4,1348
DNASE2,1349
DNM1,1350
DNM1L,1351
DNM2,1352
DNM3,1353
DNMT1,1354
DNPEP,1355
DNPH1,1356
DOC2A,1357
DOC2B,1358
DOCK1,1359
DOCK10,1360
DOCK2,1361
DOCK3,1362
DOCK4,1363
DOCK5,1364
DOCK9,1365
DOHH,1366
DOPEY2,1367
DPAGT1,1368
DPH1,1369
DPM1,1370
DPM3,1371
DPP10,1372
DPP3,1373
DPP6,1374
DPP8,1375
DPP9,1376
DPY19L1,1377
DPYSL2,1378
DPYSL3,1379
DPYSL4,1380
DPYSL5,1381
DR1,1382
DRAP1,1383
DRG1,1384
DRG2,1385
DSC2,1386
DSCAML1,1387
DSCR3,1388
DST,1389
DSTN,1390
DTNA,1391
DTNB,1392
DTNBP1,1393
DTX3,1394
DTYMK,1395
DUS2,1396
DUSP14,1397
DUSP19,1398
DUSP26,1399
DUSP3,1400
DYNC1H1,1401
DYNC1I1,1402
DYNC1I2,1403
DYNC1LI1,1404
DYNC1LI2,1405
DYNLL1,1406
DYNLL2,1407
DYNLRB1,1408
DYNLRB2,1409
DYNLT1,1410
DYNLT3,1411
DYRK1A,1412
DYRK2,1413
DYSF,1414
DZIP3,1415
EARS2,1416
EBAG9,1417
ECE1,1418
ECH1,1419
ECHDC1,1420
ECHS1,1421
ECSIT,1422
EDC3,1423
EDC4,1424
EDF1,1425
EDIL3,1426
EEA1,1427
EEF1A1,1428
EEF1A2,1429
EEF1B2,1430
EEF1D,1431
EEF1E1,1432
EEF1G,1433
EEF2,1434
EEPD1,1435
EFHD1,1436
EFHD2,1437
EFNB1,1438
EFNB2,1439
EFNB3,1440
EFR3A,1441
EFR3B,1442
EFTUD1,1443
EFTUD2,1444
EGFR,1445
EHBP1,1446
EHD1,1447
EHD2,1448
EHD3,1449
EHD4,1450
EI24,1451
EIF1,1452
EIF1AD,1453
EIF1AX,1454
EIF2A,1455
EIF2AK2,1456
EIF2B1,1457
EIF2B2,1458
EIF2B3,1459
EIF2B5,1460
EIF2S1,1461
EIF2S2,1462
EIF2S3,1463
EIF3A,1464
EIF3B,1465
EIF3C,1466
EIF3D,1467
EIF3E,1468
EIF3F,1469
EIF3G,1470
EIF3H,1471
EIF3I,1472
EIF3J,1473
EIF3K,1474
EIF3L,1475
EIF3M,1476
EIF4A1,1477
EIF4A2,1478
EIF4A3,1479
EIF4B,1480
EIF4E,1481
EIF4E3,1482
EIF4EBP2,1483
EIF4ENIF1,1484
EIF4G2,1485
EIF4G3,1486
EIF5,1487
EIF5A2,1488
EIF5B,1489
ELAC2,1490
ELAVL1,1491
ELAVL2,1492
ELAVL3,1493
ELFN1,1494
ELFN2,1495
ELL3,1496
ELMO1,1497
ELMOD1,1498
ELMOD2,1499
ELOVL1,1500
ELP4,1501
EMB,1502
EMC1,1503
EMC2,1504
EMC4,1505
EMC7,1506
EMC8,1507
EMD,1508
EMG1,1509
EMILIN1,1510
EML2,1511
EML3,1512
EML6,1513
ENC1,1514
ENDOD1,1515
ENDOG,1516
ENG,1517
ENO1,1518
ENO2,1519
ENO3,1520
ENPP2,1521
ENPP6,1522
ENSA,1523
ENTHD2,1524
ENTPD1,1525
ENTPD2,1526
ENTPD3,1527
ENTPD6,1528
ENY2,1529
EPB41,1530
EPB41L1,1531
EPB41L2,1532
EPB41L3,1533
EPB41L4B,1534
EPB41L5,1535
EPB42,1536
EPDR1,1537
EPHA4,1538
EPHA5,1539
EPHA6,1540
EPHA7,1541
EPHB1,1542
EPHB2,1543
EPHB6,1544
EPHX1,1545
EPHX4,1546
EPM2AIP1,1547
EPN1,1548
EPN2,1549
EPPK1,1550
EPRS,1551
EPS15,1552
EPS15L1,1553
EPS8,1554
EPS8L2,1555
ERAL1,1556
ERBB2IP,1557
ERBB4,1558
ERC1,1559
ERC2,1560
ERGIC1,1561
ERGIC2,1562
ERGIC3,1563
ERH,1564
ERI3,1565
ERICH5,1566
ERLEC1,1567
ERLIN1,1568
ERLIN2,1569
ERMN,1570
ERMP1,1571
ERP29,1572
ERP44,1573
ESD,1574
ESYT1,1575
ETF1,1576
ETFA,1577
ETFB,1578
ETFDH,1579
ETHE1,1580
ETNPPL,1581
EVI2A,1582
EVI5,1583
EVI5L,1584
EVL,1585
EWSR1,1586
EXD2,1587
EXOC1,1588
EXOC2,1589
EXOC3,1590
EXOC4,1591
EXOC5,1592
EXOC6,1593
EXOC6B,1594
EXOC7,1595
EXOC8,1596
EXOG,1597
EXOSC1,1598
EXOSC10,1599
EXOSC9,1600
EXTL2,1601
EZR,1602
F11R,1603
F13A1,1604
F2,1605
F8A3,1606
FABP3,1607
FABP5,1608
FABP7,1609
FADS2,1610
FAF2,1611
FAH,1612
FAHD1,1613
FAIM2,1614
FAM102A,1615
FAM102B,1616
FAM107A,1617
FAM107B,1618
FAM110B,1619
FAM114A1,1620
FAM114A2,1621
FAM117B,1622
FAM120A,1623
FAM120B,1624
FAM120C,1625
FAM124A,1626
FAM126B,1627
FAM127A,1628
FAM127B,1629
FAM129A,1630
FAM129B,1631
FAM131B,1632
FAM134A,1633
FAM134B,1634
FAM134C,1635
FAM136A,1636
FAM13A,1637
FAM13C,1638
FAM160A2,1639
FAM160B1,1640
FAM160B2,1641
FAM162A,1642
FAM168A,1643
FAM169A,1644
FAM171A2,1645
FAM171B,1646
FAM175B,1647
FAM177A1,1648
FAM188A,1649
FAM192A,1650
FAM195B,1651
FAM19A2,1652
FAM19A5,1653
FAM210A,1654
FAM210B,1655
FAM213A,1656
FAM213B,1657
FAM219A,1658
FAM21C,1659
FAM3C,1660
FAM47E-STBD1,1661
FAM49A,1662
FAM49B,1663
FAM50A,1664
FAM63A,1665
FAM63B,1666
FAM65A,1667
FAM73A,1668
FAM73B,1669
FAM81A,1670
FAM84A,1671
FAM84B,1672
FAM98A,1673
FAM98B,1674
FAM98C,1675
FAR1,1676
FARP1,1677
FARSA,1678
FARSB,1679
FASN,1680
FASTKD2,1681
FAU,1682
FAXC,1683
FBL,1684
FBLL1,1685
FBLN1,1686
FBLN2,1687
FBLN7,1688
FBN1,1689
FBXL15,1690
FBXL16,1691
FBXL17,1692
FBXL18,1693
FBXL2,1694
FBXL20,1695
FBXO2,1696
FBXO21,1697
FBXO22,1698
FBXO3,1699
FBXO31,1700
FBXO41,1701
FBXO44,1702
FBXO45,1703
FBXO7,1704
FBXW5,1705
FBXW9,1706
FCER1G,1707
FCGBP,1708
FCGR1A,1709
FCHO1,1710
FCHO2,1711
FDFT1,1712
FDX1,1713
FECH,1714
FEM1B,1715
FEN1,1716
FERMT2,1717
FERMT3,1718
FEZ2,1719
FGF1,1720
FGF12,1721
FGF14,1722
FGF2,1723
FGFR1OP2,1724
FGFR3,1725
FH,1726
FHL1,1727
FIBP,1728
FIP1L1,1729
FIS1,1730
FKBP10,1731
FKBP15,1732
FKBP1A,1733
FKBP2,1734
FKBP3,1735
FKBP4,1736
FKBP5,1737
FKBP8,1738
FKBP9,1739
FLAD1,1740
FLII,1741
FLNA,1742
FLNB,1743
FLNC,1744
FLOT1,1745
FLOT2,1746
FLRT2,1747
FLT1,1748
FLYWCH2,1749
FMN1,1750
FMN2,1751
FMNL1,1752
FMNL2,1753
FMOD,1754
FMR1,1755
FN1,1756
FN3K,1757
FNBP1,1758
FNBP1L,1759
FNTA,1760
FNTB,1761
FOCAD,1762
FOLH1,1763
FOLR2,1764
FOXK1,1765
FOXO3,1766
FOXRED1,1767
FOXRED2,1768
FRMD4A,1769
FRMD8,1770
FRMPD3,1771
FRMPD4,1772
FRRS1L,1773
FRS3,1774
FRY,1775
FRYL,1776
FRZB,1777
FSCN1,1778
FSD1,1779
FSD1L,1780
FTH1,1781
FTL,1782
FTO,1783
FUBP1,1784
FUBP3,1785
FUCA1,1786
FUK,1787
FUNDC1,1788
FUNDC2,1789
FUS,1790
FUT8,1791
FXN,1792
FXR1,1793
FXR2,1794
FXYD1,1795
FXYD6,1796
FXYD7,1797
FYCO1,1798
FYN,1799
FYTTD1,1800
FZD10,1801
FZD8,1802
G3BP1,1803
G3BP2,1804
G6PD,1805
GAB1,1806
GABARAP,1807
GABARAPL1,1808
GABARAPL2,1809
GABBR1,1810
GABBR2,1811
GABRA1,1812
GABRA2,1813
GABRA3,1814
GABRA4,1815
GABRA5,1816
GABRB1,1817
GABRB2,1818
GABRB3,1819
GABRD,1820
GABRG2,1821
GAD1,1822
GAD2,1823
GADD45GIP1,1824
GAK,1825
GALK1,1826
GALK2,1827
GALNT16,1828
GALNT2,1829
GALNT8,1830
GALT,1831
GANAB,1832
GAP43,1833
GAPDH,1834
GAPVD1,1835
GARNL3,1836
GARS,1837
GAS7,1838
GATAD2A,1839
GATAD2B,1840
GATB,1841
GATC,1842
GATSL2,1843
GBA,1844
GBA2,1845
GBAS,1846
GBE1,1847
GBF1,1848
GBP1,1849
GBP2,1850
GC,1851
GCA,1852
GCC1,1853
GCC2,1854
GCDH,1855
GCLC,1856
GCLM,1857
GCSH,1858
GDA,1859
GDAP1,1860
GDAP1L1,1861
GDAP2,1862
GDE1,1863
GDI1,1864
GDI2,1865
GDPD1,1866
GDPD5,1867
GEMIN5,1868
GFAP,1869
GFM1,1870
GFM2,1871
GFOD1,1872
GFPT1,1873
GFPT2,1874
GFRA2,1875
GGA1,1876
GGA2,1877
GGA3,1878
GGCT,1879
GGPS1,1880
GGT5,1881
GGT7,1882
GHDC,1883
GHITM,1884
GID8,1885
GIMAP4,1886
GIMAP8,1887
GIPC1,1888
GIT1,1889
GIT2,1890
GJA1,1891
GJC2,1892
GK,1893
GKAP1,1894
GLB1,1895
GLCE,1896
GLDC,1897
GLG1,1898
GLIPR2,1899
GLMN,1900
GLO1,1901
GLOD4,1902
GLRA3,1903
GLRB,1904
GLRX,1905
GLRX2,1906
GLRX3,1907
GLS,1908
GLS2,1909
GLTP,1910
GLUL,1911
GLYR1,1912
GM2A,1913
GMDS,1914
GMFB,1915
GMFG,1916
GMPPA,1917
GMPPB,1918
GMPR,1919
GMPR2,1920
GMPS,1921
GNA11,1922
GNA12,1923
GNA13,1924
GNA14,1925
GNAI1,1926
GNAI2,1927
GNAO1,1928
GNAQ,1929
GNAS,1930
GNAT3,1931
GNAZ,1932
GNB1,1933
GNB2,1934
GNB2L1,1935
GNB3,1936
GNB4,1937
GNB5,1938
GNG10,1939
GNG11,1940
GNG12,1941
GNG13,1942
GNG2,1943
GNG3,1944
GNG4,1945
GNG5,1946
GNG7,1947
GNG8,1948
GNL1,1949
GNL3,1950
GNPAT,1951
GNPDA1,1952
GNPDA2,1953
GNPNAT1,1954
GNS,1955
GOLGA2,1956
GOLGA3,1957
GOLGA4,1958
GOLGA5,1959
GOLGA7,1960
GOLGA7B,1961
GOLGB1,1962
GOLIM4,1963
GOLPH3,1964
GOLPH3L,1965
GOPC,1966
GORASP2,1967
GOSR1,1968
GOT1,1969
GPAA1,1970
GPALPP1,1971
GPATCH11,1972
GPATCH2,1973
GPC1,1974
GPC4,1975
GPC5,1976
GPCPD1,1977
GPD1,1978
GPD1L,1979
GPD2,1980
GPHN,1981
GPI,1982
GPKOW,1983
GPM6A,1984
GPM6B,1985
GPNMB,1986
GPR158,1987
GPR37,1988
GPR37L1,1989
GPRASP1,1990
GPRC5B,1991
GPRIN1,1992
GPRIN3,1993
GPS1,1994
GPSM1,1995
GPT2,1996
GPX4,1997
GRAMD1B,1998
GRAMD3,1999
GRAMD4,2000
GRASP,2001
GRB2,2002
GREM2,2003
GRHPR,2004
GRIA1,2005
GRIA2,2006
GRIA3,2007
GRIA4,2008
GRID1,2009
GRIK2,2010
GRIN1,2011
GRIN2A,2012
GRIN2B,2013
GRIN2D,2014
GRIP1,2015
GRIP2,2016
GRIPAP1,2017
GRK5,2018
GRM1,2019
GRM2,2020
GRM3,2021
GRM5,2022
GRM7,2023
GRM8,2024
GRPEL1,2025
GRSF1,2026
GSG1L,2027
GSK3A,2028
GSK3B,2029
GSKIP,2030
GSN,2031
GSPT1,2032
GSPT2,2033
GSTA4,2034
GSTK1,2035
GSTO1,2036
GSTP1,2037
GTDC1,2038
GTF2B,2039
GTF2F1,2040
GTF2F2,2041
GTF2I,2042
GTF3C1,2043
GTF3C3,2044
GTF3C5,2045
GTPBP1,2046
GTPBP10,2047
GTPBP4,2048
GUCY1A2,2049
GUCY1A3,2050
GUCY1B3,2051
GUF1,2052
GUK1,2053
GYG1,2054
GYG2,2055
H1F0,2056
H1FX,2057
H2AFV,2058
H2AFX,2059
H2AFY,2060
H2AFY2,2061
H3F3B,2062
H6PD,2063
HABP4,2064
HACE1,2065
HACL1,2066
HADH,2067
HAGH,2068
HAPLN1,2069
HAPLN2,2070
HAPLN3,2071
HAPLN4,2072
HARS,2073
HAX1,2074
HBA2,2075
HBB,2076
HBD,2077
HBS1L,2078
HCCS,2079
HCFC1,2080
HCLS1,2081
HCN1,2082
HCN2,2083
HCN4,2084
HDAC1,2085
HDAC11,2086
HDAC2,2087
HDAC5,2088
HDAC6,2089
HDAC9,2090
HDGF,2091
HDHD2,2092
HDLBP,2093
HEATR5B,2094
HEATR6,2095
HEBP1,2096
HEBP2,2097
HECA,2098
HECTD1,2099
HECTD3,2100
HECTD4,2101
HECW1,2102
HECW2,2103
HEPACAM,2104
HEPH,2105
HERC1,2106
HERC2,2107
HERC4,2108
HES1,2109
HEXA,2110
HEXIM1,2111
HGS,2112
HIBADH,2113
HID1,2114
HIF1AN,2115
HINT1,2116
HINT2,2117
HINT3,2118
HIP1,2119
HIP1R,2120
HIRIP3,2121
HIST1H1B,2122
HIST1H1D,2123
HIST1H1E,2124
HIST1H4A,2125
HIST2H2AC,2126
HIST2H2BF,2127
HIST3H2BB,2128
HK1,2129
HLA-A,2130
HLA-B,2131
HLA-DPA1,2132
HLA-DRA,2133
HLA-DRB1,2134
HLA-E,2135
HLTF,2136
HMBS,2137
HMCES,2138
HMGA1,2139
HMGB1,2140
HMGB2,2141
HMGB3,2142
HMGCLL1,2143
HMGCS1,2144
HMGN1,2145
HMGN2,2146
HMGN3,2147
HMGN4,2148
HMGN5,2149
HMOX1,2150
HMOX2,2151
HN1,2152
HN1L,2153
HNMT,2154
HNRNPA0,2155
HNRNPA1,2156
HNRNPA2B1,2157
HNRNPA3,2158
HNRNPAB,2159
HNRNPC,2160
HNRNPD,2161
HNRNPDL,2162
HNRNPF,2163
HNRNPH1,2164
HNRNPH2,2165
HNRNPH3,2166
HNRNPK,2167
HNRNPL,2168
HNRNPLL,2169
HNRNPM,2170
HNRNPR,2171
HNRNPU,2172
HNRNPUL1,2173
HOMER1,2174
HOMER2,2175
HOMER3,2176
HOOK1,2177
HOOK3,2178
HOPX,2179
HP,2180
HP1BP3,2181
HPCA,2182
HPCAL1,2183
HPCAL4,2184
HPR,2185
HPRT1,2186
HPS6,2187
HPX,2188
HRAS,2189
HRG,2190
HRSP12,2191
HS1BP3,2192
HS6ST1,2193
HS6ST3,2194
HSBP1,2195
HSCB,2196
HSD11B1,2197
HSD17B10,2198
HSD17B12,2199
HSD17B4,2200
HSDL1,2201
HSP90AA1,2202
HSP90AB1,2203
HSP90B1,2204
HSPA12A,2205
HSPA12B,2206
HSPA13,2207
HSPA14,2208
HSPA1B,2209
HSPA2,2210
HSPA4,2211
HSPA4L,2212
HSPA5,2213
HSPA6,2214
HSPA8,2215
HSPA9,2216
HSPB1,2217
HSPB6,2218
HSPB8,2219
HSPBP1,2220
HSPD1,2221
HSPE1,2222
HSPG2,2223
HSPH1,2224
HTATIP2,2225
HTATSF1,2226
HTR1A,2227
HTR1B,2228
HTR2A,2229
HTRA1,2230
HTRA2,2231
HTT,2232
HUWE1,2233
HVCN1,2234
HYI,2235
HYOU1,2236
HYPK,2237
IAH1,2238
IARS,2239
IARS2,2240
IBA57,2241
ICA1,2242
ICA1L,2243
ICAM1,2244
ICAM5,2245
ICT1,2246
IDE,2247
IDH1,2248
IDH2,2249
IDH3A,2250
IDH3B,2251
IDH3G,2252
IDI1,2253
IFI16,2254
IFIT1,2255
IFIT2,2256
IFIT3,2257
IFT122,2258
IFT140,2259
IFT43,2260
IGBP1,2261
IGFBP5,2262
IGFBP6,2263
IGLON5,2264
IGSF11,2265
IGSF21,2266
IGSF3,2267
IGSF8,2268
IGSF9B,2269
IK,2270
IKBKG,2271
IL16,2272
IL1RAP,2273
IL1RAPL1,2274
ILDR2,2275
ILF2,2276
ILF3,2277
ILK,2278
ILKAP,2279
IMMT,2280
IMPA1,2281
IMPACT,2282
IMPAD1,2283
IMPDH1,2284
IMPDH2,2285
INA,2286
INF2,2287
INIP,2288
INPP1,2289
INPP4A,2290
INPP5A,2291
INPP5D,2292
INPP5J,2293
INSR,2294
INTS3,2295
IP6K1,2296
IPO13,2297
IPO5,2298
IPO7,2299
IPO9,2300
IQGAP1,2301
IQGAP2,2302
IQGAP3,2303
IQSEC1,2304
IQSEC2,2305
IQSEC3,2306
IREB2,2307
IRF2BP1,2308
IRGQ,2309
IRS1,2310
ISCA1,2311
ISCA2,2312
ISCU,2313
ISLR,2314
ISLR2,2315
ISOC1,2316
IST1,2317
ISYNA1,2318
ITCH,2319
ITFG1,2320
ITGA1,2321
ITGA2,2322
ITGA6,2323
ITGA7,2324
ITGAM,2325
ITGAV,2326
ITGAX,2327
ITGB1,2328
ITGB2,2329
ITGB4,2330
ITGB8,2331
ITIH1,2332
ITIH2,2333
ITIH3,2334
ITIH4,2335
ITIH5,2336
ITM2A,2337
ITPKA,2338
ITPKB,2339
ITPR1,2340
ITPR2,2341
ITPR3,2342
ITSN1,2343
ITSN2,2344
IVD,2345
IVNS1ABP,2346
JAK1,2347
JAKMIP1,2348
JAKMIP2,2349
JAKMIP3,2350
JAM3,2351
JMY,2352
JOSD2,2353
JPH1,2354
JPH3,2355
JPH4,2356
JUN,2357
JUND,2358
JUP,2359
KALRN,2360
KANK1,2361
KANK2,2362
KARS,2363
KATNA1,2364
KATNAL1,2365
KATNB1,2366
KAZN,2367
KBTBD11,2368
KBTBD2,2369
KBTBD3,2370
KCMF1,2371
KCNA1,2372
KCNA2,2373
KCNA3,2374
KCNA4,2375
KCNAB1,2376
KCNAB2,2377
KCNB1,2378
KCNB2,2379
KCNC1,2380
KCNC2,2381
KCNC3,2382
KCND1,2383
KCND2,2384
KCND3,2385
KCNH1,2386
KCNH7,2387
KCNIP1,2388
KCNIP2,2389
KCNIP4,2390
KCNJ10,2391
KCNJ3,2392
KCNJ4,2393
KCNJ6,2394
KCNJ9,2395
KCNK4,2396
KCNMA1,2397
KCNN1,2398
KCNN3,2399
KCNQ2,2400
KCNQ3,2401
KCNQ5,2402
KCNT1,2403
KCTD10,2404
KCTD12,2405
KCTD16,2406
KCTD3,2407
KCTD8,2408
KDELR1,2409
KDM3B,2410
KDM5C,2411
KDSR,2412
KHDRBS1,2413
KHDRBS2,2414
KHDRBS3,2415
KHSRP,2416
KIAA0196,2417
KIAA0319L,2418
KIAA0368,2419
KIAA0391,2420
KIAA0513,2421
KIAA0907,2422
KIAA0930,2423
KIAA1033,2424
KIAA1107,2425
KIAA1109,2426
KIAA1143,2427
KIAA1191,2428
KIAA1211,2429
KIAA1211L,2430
KIAA1217,2431
KIAA1324,2432
KIAA1462,2433
KIAA1468,2434
KIAA1549,2435
KIAA1549L,2436
KIAA1671,2437
KIAA1715,2438
KIAA1841,2439
KIDINS220,2440
KIF13A,2441
KIF13B,2442
KIF1A,2443
KIF1B,2444
KIF21A,2445
KIF21B,2446
KIF27,2447
KIF2A,2448
KIF3A,2449
KIF3B,2450
KIF5A,2451
KIF5B,2452
KIF5C,2453
KIFAP3,2454
KIFC2,2455
KIRREL3,2456
KLC1,2457
KLC2,2458
KLHL3,2459
KLHL42,2460
KLK6,2461
KMT2A,2462
KNDC1,2463
KNG1,2464
KPNA1,2465
KPNA3,2466
KPNA4,2467
KPNA5,2468
KPNA6,2469
KPNB1,2470
KRAS,2471
KRT222,2472
KRT73,2473
KRT79,2474
KSR1,2475
KSR2,2476
KTN1,2477
L1CAM,2478
L1TD1,2479
L2HGDH,2480
L3HYPDH,2481
LACE1,2482
LACTB2,2483
LAGE3,2484
LAMA1,2485
LAMA2,2486
LAMA4,2487
LAMA5,2488
LAMB1,2489
LAMB2,2490
LAMC1,2491
LAMC3,2492
LAMP1,2493
LAMP2,2494
LAMP5,2495
LAMTOR1,2496
LAMTOR2,2497
LAMTOR4,2498
LAMTOR5,2499
LANCL1,2500
LANCL2,2501
LARP1,2502
LARP4B,2503
LARP6,2504
LARS,2505
LARS2,2506
LASP1,2507
LBP,2508
LBR,2509
LCK,2510
LCLAT1,2511
LCMT1,2512
LCP1,2513
LDB3,2514
LDHA,2515
LDHB,2516
LDHC,2517
LDHD,2518
LEMD2,2519
LEMD3,2520
LETM1,2521
LETMD1,2522
LGALS1,2523
LGALS3,2524
LGALS3BP,2525
LGALS8,2526
LGALS9,2527
LGALSL,2528
LGI1,2529
LGI2,2530
LGI3,2531
LGI4,2532
LGMN,2533
LHPP,2534
LIAS,2535
LIG3,2536
LIG4,2537
LIMA1,2538
LIMCH1,2539
LIMK1,2540
LIMK2,2541
LIMS1,2542
LIN7A,2543
LIN7B,2544
LIN7C,2545
LINGO1,2546
LINGO2,2547
LIPA,2548
LIPE,2549
LITAF,2550
LLGL1,2551
LLGL2,2552
LMAN1,2553
LMAN2,2554
LMBRD1,2555
LMBRD2,2556
LMF2,2557
LMNA,2558
LMNB1,2559
LMNB2,2560
LMO7,2561
LMOD1,2562
LMTK2,2563
LMTK3,2564
LNPEP,2565
LONP1,2566
LONP2,2567
LONRF2,2568
LPA,2569
LPAR1,2570
LPCAT1,2571
LPCAT2,2572
LPCAT4,2573
LPIN1,2574
LPIN2,2575
LPP,2576
LRBA,2577
LRFN2,2578
LRFN3,2579
LRFN5,2580
LRIG1,2581
LRP1,2582
LRP11,2583
LRP1B,2584
LRP4,2585
LRPAP1,2586
LRPPRC,2587
LRRC16A,2588
LRRC4,2589
LRRC40,2590
LRRC41,2591
LRRC47,2592
LRRC49,2593
LRRC4B,2594
LRRC4C,2595
LRRC57,2596
LRRC59,2597
LRRC7,2598
LRRC73,2599
LRRC75A,2600
LRRC8A,2601
LRRC8B,2602
LRRC8D,2603
LRRFIP1,2604
LRRFIP2,2605
LRRTM1,2606
LRRTM2,2607
LRRTM3,2608
LRRTM4,2609
LRSAM1,2610
LRTM2,2611
LSAMP,2612
LSG1,2613
LSM11,2614
LSM12,2615
LSM14A,2616
LSM14B,2617
LSM4,2618
LSM6,2619
LSM7,2620
LSP1,2621
LTA4H,2622
LTF,2623
LTN1,2624
LUC7L,2625
LUC7L3,2626
LUM,2627
LUZP1,2628
LY6H,2629
LYNX1,2630
LYPLA1,2631
LYPLA2,2632
LYRM1,2633
LYRM2,2634
LYRM4,2635
LYRM7,2636
LYRM9,2637
LYSMD1,2638
LYSMD2,2639
LYVE1,2640
LYZ,2641
LZIC,2642
LZTFL1,2643
LZTS1,2644
M6PR,2645
MACF1,2646
MACROD1,2647
MACROD2,2648
MAD1L1,2649
MADD,2650
MAEA,2651
MAG,2652
MAGED1,2653
MAGED2,2654
MAGEE1,2655
MAGI1,2656
MAGI2,2657
MAGI3,2658
MAGOH,2659
MAL2,2660
MALSU1,2661
MAN1B1,2662
MAN2A2,2663
MAN2B1,2664
MANF,2665
MAOA,2666
MAOB,2667
MAP1A,2668
MAP1B,2669
MAP1LC3A,2670
MAP1S,2671
MAP2,2672
MAP2K1,2673
MAP2K2,2674
MAP2K3,2675
MAP2K4,2676
MAP2K6,2677
MAP2K7,2678
MAP3K10,2679
MAP3K12,2680
MAP3K13,2681
MAP3K5,2682
MAP4,2683
MAP4K2,2684
MAP4K3,2685
MAP4K4,2686
MAP6,2687
MAP6D1,2688
MAP7,2689
MAP7D1,2690
MAP7D2,2691
MAP9,2692
MAPK1,2693
MAPK10,2694
MAPK11,2695
MAPK3,2696
MAPK4,2697
MAPK8,2698
MAPK8IP2,2699
MAPK9,2700
MAPKAPK2,2701
MAPRE1,2702
MAPRE2,2703
MAPRE3,2704
MAPT,2705
MARCKS,2706
MARCKSL1,2707
MARK1,2708
MARK2,2709
MARK3,2710
MARK4,2711
MARS,2712
MAST1,2713
MAST2,2714
MAST3,2715
MAT1A,2716
MAT2A,2717
MAT2B,2718
MATK,2719
MATR3,2720
MAVS,2721
MB21D2,2722
MBLAC2,2723
MBNL1,2724
MBNL2,2725
MBOAT2,2726
MBOAT7,2727
MBP,2728
MCAM,2729
MCAT,2730
MCC,2731
MCF2L,2732
MCF2L2,2733
MCM3AP,2734
MCTS1,2735
MCU,2736
MCUR1,2737
MDC1,2738
MDGA2,2739
MDH1,2740
MDH2,2741
MDK,2742
ME1,2743
ME2,2744
ME3,2745
MECP2,2746
MECR,2747
MEF2C,2748
MEF2D,2749
MEGF9,2750
MEMO1,2751
MEN1,2752
MESDC2,2753
MEST,2754
METAP1,2755
METAP2,2756
METTL13,2757
METTL14,2758
METTL17,2759
METTL3,2760
METTL7A,2761
METTL7B,2762
METTL9,2763
MFAP1,2764
MFAP2,2765
MFF,2766
MFGE8,2767
MFN2,2768
MFSD4,2769
MFSD6,2770
MGARP,2771
MGEA5,2772
MGLL,2773
MGST1,2774
MGST3,2775
MIA3,2776
MIB1,2777
MIB2,2778
MICAL3,2779
MICALL1,2780
MICU1,2781
MICU3,2782
MID1IP1,2783
MIEF1,2784
MIEN1,2785
MIF,2786
MIF4GD,2787
MINK1,2788
MIOS,2789
MIPEP,2790
MKKS,2791
MKL1,2792
MKL2,2793
MLC1,2794
MLEC,2795
MLF1,2796
MLF2,2797
MLH1,2798
MLIP,2799
MLLT11,2800
MLLT4,2801
MLYCD,2802
MMAA,2803
MMGT1,2804
MMRN2,2805
MNDA,2806
MOAP1,2807
MOB1B,2808
MOB2,2809
MOB3A,2810
MOB4,2811
MOBP,2812
MOCS1,2813
MOCS3,2814
MOG,2815
MON2,2816
MORC2,2817
MORF4L2,2818
MORN4,2819
MOSPD2,2820
MPC1,2821
MPC2,2822
MPDZ,2823
MPI,2824
MPO,2825
MPP1,2826
MPP2,2827
MPP3,2828
MPP6,2829
MPP7,2830
MPPED2,2831
MPRIP,2832
MPST,2833
MPV17,2834
MRAS,2835
MRI1,2836
MRM1,2837
MROH1,2838
MRPL1,2839
MRPL10,2840
MRPL11,2841
MRPL13,2842
MRPL14,2843
MRPL15,2844
MRPL16,2845
MRPL17,2846
MRPL18,2847
MRPL19,2848
MRPL2,2849
MRPL20,2850
MRPL21,2851
MRPL22,2852
MRPL23,2853
MRPL24,2854
MRPL27,2855
MRPL28,2856
MRPL3,2857
MRPL32,2858
MRPL33,2859
MRPL34,2860
MRPL37,2861
MRPL38,2862
MRPL39,2863
MRPL4,2864
MRPL40,2865
MRPL41,2866
MRPL42,2867
MRPL43,2868
MRPL44,2869
MRPL45,2870
MRPL46,2871
MRPL47,2872
MRPL48,2873
MRPL49,2874
MRPL50,2875
MRPL53,2876
MRPL54,2877
MRPL55,2878
MRPL57,2879
MRPL9,2880
MRPS10,2881
MRPS11,2882
MRPS12,2883
MRPS15,2884
MRPS16,2885
MRPS18A,2886
MRPS18B,2887
MRPS2,2888
MRPS21,2889
MRPS22,2890
MRPS23,2891
MRPS25,2892
MRPS26,2893
MRPS27,2894
MRPS28,2895
MRPS30,2896
MRPS31,2897
MRPS33,2898
MRPS34,2899
MRPS35,2900
MRPS36,2901
MRPS5,2902
MRPS6,2903
MRPS7,2904
MRPS9,2905
MRRF,2906
MRVI1,2907
MSH2,2908
MSH6,2909
MSI1,2910
MSI2,2911
MSL1,2912
MSMO1,2913
MSN,2914
MSRA,2915
MSRB2,2916
MT1E,2917
MT1G,2918
MT1M,2919
MT2A,2920
MTA1,2921
MTA2,2922
MTAP,2923
MTCH1,2924
MTCH2,2925
MTCL1,2926
MTDH,2927
MTERF4,2928
MTFMT,2929
MTFP1,2930
MTFR1L,2931
MTG1,2932
MTHFD1,2933
MTIF2,2934
MTIF3,2935
MTM1,2936
MTMR1,2937
MTMR10,2938
MTMR12,2939
MTMR2,2940
MTMR6,2941
MTMR7,2942
MTMR9,2943
MTO1,2944
MTOR,2945
MTPAP,2946
MTPN,2947
MTR,2948
MTRF1L,2949
MTSS1,2950
MTSS1L,2951
MTURN,2952
MTX1,2953
MTX2,2954
MTX3,2955
MVK,2956
MVP,2957
MXRA7,2958
MYBBP1A,2959
MYCBP2,2960
MYD88,2961
MYDGF,2962
MYEF2,2963
MYH10,2964
MYH11,2965
MYH14,2966
MYH7B,2967
MYH8,2968
MYH9,2969
MYL3,2970
MYL6,2971
MYL6B,2972
MYL9,2973
MYLK,2974
MYO18A,2975
MYO1B,2976
MYO1C,2977
MYO1D,2978
MYO1E,2979
MYO1F,2980
MYO5A,2981
MYO5B,2982
MYO6,2983
MYO9B,2984
MYOF,2985
MYRIP,2986
MZT1,2987
MZT2A,2988
N4BP2L2,2989
N4BP3,2990
NAA10,2991
NAA15,2992
NAA30,2993
NAA35,2994
NAA38,2995
NAA50,2996
NAALAD2,2997
NAB2,2998
NACA,2999
NACA2,3000
NACAD,3001
NACC2,3002
NADK2,3003
NAE1,3004
NAGA,3005
NAGK,3006
NAMPT,3007
NANS,3008
NAP1L1,3009
NAP1L4,3010
NAP1L5,3011
NAPA,3012
NAPB,3013
NAPEPLD,3014
NAPG,3015
NARS,3016
NARS2,3017
NASP,3018
NAT14,3019
NAT8L,3020
NAV1,3021
NAV3,3022
NBAS,3023
NBEA,3024
NBN,3025
NCALD,3026
NCAM1,3027
NCAM2,3028
NCAN,3029
NCBP1,3030
NCBP2,3031
NCDN,3032
NCEH1,3033
NCK2,3034
NCKAP1,3035
NCKAP1L,3036
NCKIPSD,3037
NCL,3038
NCLN,3039
NCOA5,3040
NCOA7,3041
NCOR1,3042
NCOR2,3043
NCS1,3044
NDEL1,3045
NDRG1,3046
NDRG2,3047
NDRG3,3048
NDRG4,3049
NDUFA10,3050
NDUFA11,3051
NDUFA12,3052
NDUFA13,3053
NDUFA2,3054
NDUFA3,3055
NDUFA4,3056
NDUFA5,3057
NDUFA6,3058
NDUFA8,3059
NDUFAB1,3060
NDUFAF1,3061
NDUFAF2,3062
NDUFAF3,3063
NDUFAF4,3064
NDUFAF5,3065
NDUFAF6,3066
NDUFAF7,3067
NDUFB1,3068
NDUFB10,3069
NDUFB11,3070
NDUFB2,3071
NDUFB3,3072
NDUFB4,3073
NDUFB5,3074
NDUFB6,3075
NDUFB7,3076
NDUFB8,3077
NDUFB9,3078
NDUFC1,3079
NDUFC2,3080
NDUFS1,3081
NDUFS2,3082
NDUFS3,3083
NDUFS4,3084
NDUFS5,3085
NDUFS6,3086
NDUFS7,3087
NDUFS8,3088
NDUFV1,3089
NDUFV2,3090
NDUFV3,3091
NEB,3092
NEBL,3093
NECAB1,3094
NECAB2,3095
NECAP1,3096
NECAP2,3097
NEDD4L,3098
NEDD8,3099
NEFH,3100
NEFL,3101
NEFM,3102
NEGR1,3103
NEK7,3104
NEK9,3105
NELFA,3106
NELFB,3107
NELFCD,3108
NELFE,3109
NELL2,3110
NEMF,3111
NENF,3112
NEO1,3113
NES,3114
NETO1,3115
NEU3,3116
NEURL1,3117
NEURL4,3118
NEXN,3119
NF1,3120
NF2,3121
NFASC,3122
NFAT5,3123
NFIA,3124
NFIB,3125
NFIC,3126
NFIX,3127
NFS1,3128
NFU1,3129
NGEF,3130
NGLY1,3131
NHEJ1,3132
NHLRC2,3133
NHP2,3134
NHS,3135
NHSL1,3136
NHSL2,3137
NICN1,3138
NID1,3139
NID2,3140
NIF3L1,3141
NIN,3142
NINJ2,3143
NIPAL3,3144
NIPSNAP1,3145
NISCH,3146
NIT1,3147
NKAIN3,3148
NKIRAS1,3149
NLGN2,3150
NLGN3,3151
NLGN4X,3152
NLN,3153
NME1,3154
NME3,3155
NME7,3156
NMNAT2,3157
NMRAL1,3158
NMT1,3159
NMT2,3160
NNT,3161
NOA1,3162
NOC2L,3163
NOL3,3164
NOL6,3165
NOLC1,3166
NOMO2,3167
NONO,3168
NOP14,3169
NOP2,3170
NOP56,3171
NOP58,3172
NOP9,3173
NOS1,3174
NOSIP,3175
NOTCH1,3176
NOVA1,3177
NOVA2,3178
NPC1,3179
NPC2,3180
NPDC1,3181
NPEPL1,3182
NPEPPS,3183
NPL,3184
NPLOC4,3185
NPM1,3186
NPRL2,3187
NPRL3,3188
NPTN,3189
NPTX1,3190
NPTX2,3191
NPTXR,3192
NRAS,3193
NRBF2,3194
NRBP1,3195
NRBP2,3196
NRCAM,3197
NRD1,3198
NRGN,3199
NRIP2,3200
NRIP3,3201
NRN1,3202
NRP2,3203
NRSN1,3204
NRSN2,3205
NRXN1,3206
NRXN2,3207
NRXN3,3208
NSDHL,3209
NSF,3210
NSFL1C,3211
NSMF,3212
NSUN2,3213
NSUN4,3214
NSUN5,3215
NT5C,3216
NT5C1A,3217
NT5C2,3218
NT5C3A,3219
NT5DC1,3220
NT5DC3,3221
NT5E,3222
NTM,3223
NTMT1,3224
NTN1,3225
NTNG1,3226
NTNG2,3227
NTRK2,3228
NTRK3,3229
NUAK1,3230
NUB1,3231
NUBP1,3232
NUBPL,3233
NUCB1,3234
NUCB2,3235
NUDC,3236
NUDCD2,3237
NUDCD3,3238
NUDT1,3239
NUDT10,3240
NUDT11,3241
NUDT12,3242
NUDT14,3243
NUDT16,3244
NUDT21,3245
NUDT3,3246
NUDT4,3247
NUDT5,3248
NUDT8,3249
NUDT9,3250
NUFIP2,3251
NUMA1,3252
NUMB,3253
NUMBL,3254
NUP133,3255
NUP153,3256
NUP205,3257
NUP210,3258
NUP214,3259
NUP35,3260
NUP50,3261
NUP54,3262
NUP88,3263
NUP93,3264
NUP98,3265
NUTF2,3266
NWD2,3267
NXF1,3268
NXPH1,3269
NYAP2,3270
OARD1,3271
OAS3,3272
OAT,3273
OBSL1,3274
OCIAD1,3275
OCIAD2,3276
OCRL,3277
OGDH,3278
OGDHL,3279
OGFOD2,3280
OGFR,3281
OGFRL1,3282
OGN,3283
OGT,3284
OLA1,3285
OLFM1,3286
OLFM2,3287
OLFM3,3288
OLFML3,3289
OMG,3290
OPA1,3291
OPA3,3292
OPALIN,3293
OPCML,3294
OPHN1,3295
OPLAH,3296
OPRK1,3297
OPTN,3298
OS9,3299
OSBP,3300
OSBP2,3301
OSBPL10,3302
OSBPL1A,3303
OSBPL2,3304
OSBPL3,3305
OSBPL5,3306
OSBPL6,3307
OSBPL8,3308
OSBPL9,3309
OSGEPL1,3310
OSTF1,3311
OTUB1,3312
OTUD6B,3313
OTUD7A,3314
OTUD7B,3315
OXA1L,3316
OXCT1,3317
OXLD1,3318
OXR1,3319
OXSM,3320
OXSR1,3321
P4HA1,3322
P4HB,3323
PA2G4,3324
PABPC1,3325
PABPC3,3326
PABPC4,3327
PABPN1,3328
PACS1,3329
PACS2,3330
PACSIN1,3331
PACSIN2,3332
PACSIN3,3333
PADI2,3334
PAFAH1B1,3335
PAFAH1B2,3336
PAFAH1B3,3337
PAG1,3338
PAICS,3339
PAIP1,3340
PAIP2,3341
PAK1,3342
PAK2,3343
PAK3,3344
PAK4,3345
PAK6,3346
PAK7,3347
PALD1,3348
PALLD,3349
PALM,3350
PALM2,3351
PALM3,3352
PAM,3353
PANK1,3354
PANK2,3355
PANK4,3356
PANX1,3357
PAPOLA,3358
PAPSS1,3359
PAPSS2,3360
PARD3,3361
PARK7,3362
PARN,3363
PARP1,3364
PARP10,3365
PARP4,3366
PARP9,3367
PARS2,3368
PARVA,3369
PARVB,3370
PAWR,3371
PBDC1,3372
PBLD,3373
PBRM1,3374
PBXIP1,3375
PC,3376
PCBP2,3377
PCBP4,3378
PCCA,3379
PCCB,3380
PCDH1,3381
PCDH11X,3382
PCDH17,3383
PCDH19,3384
PCDH7,3385
PCDH8,3386
PCDH9,3387
PCID2,3388
PCLO,3389
PCM1,3390
PCMT1,3391
PCNA,3392
PCNP,3393
PCP4,3394
PCP4L1,3395
PCSK1,3396
PCSK2,3397
PCYOX1,3398
PCYOX1L,3399
PCYT1A,3400
PCYT1B,3401
PCYT2,3402
PDAP1,3403
PDCD10,3404
PDCD11,3405
PDCD4,3406
PDCD5,3407
PDCD6,3408
PDCD6IP,3409
PDCL3,3410
PDDC1,3411
PDE12,3412
PDE1A,3413
PDE1B,3414
PDE1C,3415
PDE2A,3416
PDE4A,3417
PDE4B,3418
PDE4C,3419
PDE4D,3420
PDE4DIP,3421
PDE6D,3422
PDE8A,3423
PDHA1,3424
PDHB,3425
PDHX,3426
PDIA3,3427
PDIA4,3428
PDIA6,3429
PDK1,3430
PDK2,3431
PDK3,3432
PDLIM1,3433
PDLIM3,3434
PDLIM4,3435
PDLIM5,3436
PDLIM7,3437
PDP1,3438
PDPK1,3439
PDS5A,3440
PDS5B,3441
PDXDC1,3442
PDXK,3443
PDXP,3444
PDZD11,3445
PDZD2,3446
PDZD8,3447
PDZRN3,3448
PEA15,3449
PEBP1,3450
PECAM1,3451
PENK,3452
PEPD,3453
PET100,3454
PEX11B,3455
PEX14,3456
PEX16,3457
PEX19,3458
PEX3,3459
PEX5L,3460
PF4,3461
PFDN1,3462
PFDN2,3463
PFDN4,3464
PFDN5,3465
PFDN6,3466
PFKFB2,3467
PFKFB4,3468
PFKL,3469
PFKM,3470
PFKP,3471
PFN1,3472
PFN2,3473
PGAM1,3474
PGAM2,3475
PGAM4,3476
PGAM5,3477
PGAP1,3478
PGBD5,3479
PGD,3480
PGGT1B,3481
PGK1,3482
PGLS,3483
PGM1,3484
PGM2,3485
PGM2L1,3486
PGM3,3487
PGM5,3488
PGP,3489
PGPEP1,3490
PGRMC1,3491
PGRMC2,3492
PHACTR1,3493
PHACTR2,3494
PHACTR3,3495
PHACTR4,3496
PHB,3497
PHB2,3498
PHC2,3499
PHF14,3500
PHF20L1,3501
PHF5A,3502
PHF6,3503
PHGDH,3504
PHIP,3505
PHKA1,3506
PHKG1,3507
PHLDA3,3508
PHLDB1,3509
PHLPP1,3510
PHOSPHO1,3511
PHYH,3512
PHYHD1,3513
PHYHIP,3514
PHYHIPL,3515
PHYKPL,3516
PI16,3517
PI4K2A,3518
PI4KA,3519
PIANP,3520
PICALM,3521
PICK1,3522
PIGBOS1,3523
PIGK,3524
PIGT,3525
PIGU,3526
PIK3C2A,3527
PIK3C2B,3528
PIK3C3,3529
PIK3CA,3530
PIK3CB,3531
PIK3CD,3532
PIK3R1,3533
PIK3R4,3534
PIN1,3535
PIN4,3536
PIP4K2A,3537
PIP4K2B,3538
PIP4K2C,3539
PIP5K1A,3540
PIP5K1C,3541
PIP5KL1,3542
PIPOX,3543
PISD,3544
PITHD1,3545
PITPNA,3546
PITPNB,3547
PITPNC1,3548
PITPNM1,3549
PITPNM2,3550
PITPNM3,3551
PJA1,3552
PJA2,3553
PKIA,3554
PKIG,3555
PKM,3556
PKN1,3557
PKNOX1,3558
PKP2,3559
PKP4,3560
PLA2G16,3561
PLAA,3562
PLAT,3563
PLBD2,3564
PLCB1,3565
PLCB2,3566
PLCB4,3567
PLCD1,3568
PLCD3,3569
PLCG1,3570
PLCG2,3571
PLCH2,3572
PLCL1,3573
PLCL2,3574
PLD1,3575
PLD2,3576
PLD3,3577
PLEC,3578
PLEK,3579
PLEKHA1,3580
PLEKHA5,3581
PLEKHA6,3582
PLEKHA7,3583
PLEKHB1,3584
PLEKHD1,3585
PLEKHF2,3586
PLEKHG3,3587
PLEKHG5,3588
PLEKHO1,3589
PLG,3590
PLIN3,3591
PLLP,3592
PLP1,3593
PLP2,3594
PLRG1,3595
PLS1,3596
PLS3,3597
PLSCR1,3598
PLSCR4,3599
PLTP,3600
PLXDC2,3601
PLXNA1,3602
PLXNA2,3603
PLXNA3,3604
PLXNA4,3605
PLXNB1,3606
PLXNB2,3607
PLXNB3,3608
PLXNC1,3609
PLXND1,3610
PMFBP1,3611
PML,3612
PMM1,3613
PMP2,3614
PMPCA,3615
PMPCB,3616
PMS2,3617
PMVK,3618
PNCK,3619
PNISR,3620
PNKD,3621
PNKP,3622
PNMA1,3623
PNMA2,3624
PNMAL1,3625
PNN,3626
PNP,3627
PNPLA6,3628
PNPLA8,3629
PNPT1,3630
POGZ,3631
POLDIP2,3632
POLDIP3,3633
POLG,3634
POLR2A,3635
POLR2B,3636
POLR2C,3637
POLR2E,3638
POLR2G,3639
POLR2J,3640
POLR2K,3641
POLR2L,3642
POLR2M,3643
POLRMT,3644
POM121C,3645
POMGNT2,3646
PON1,3647
POR,3648
PORCN,3649
POTEF,3650
PPA1,3651
PPA2,3652
PPBP,3653
PPCS,3654
PPEF1,3655
PPFIA1,3656
PPFIA2,3657
PPFIA3,3658
PPFIA4,3659
PPFIBP2,3660
PPIA,3661
PPIB,3662
PPIF,3663
PPIG,3664
PPIH,3665
PPIL1,3666
PPIL2,3667
PPIL4,3668
PPIP5K1,3669
PPIP5K2,3670
PPM1A,3671
PPM1B,3672
PPM1E,3673
PPM1F,3674
PPM1G,3675
PPM1H,3676
PPM1J,3677
PPM1K,3678
PPM1L,3679
PPME1,3680
PPOX,3681
PPP1CA,3682
PPP1CB,3683
PPP1CC,3684
PPP1R11,3685
PPP1R12A,3686
PPP1R12B,3687
PPP1R12C,3688
PPP1R13B,3689
PPP1R14A,3690
PPP1R14C,3691
PPP1R16A,3692
PPP1R16B,3693
PPP1R18,3694
PPP1R1A,3695
PPP1R1B,3696
PPP1R2,3697
PPP1R21,3698
PPP1R3D,3699
PPP1R3E,3700
PPP1R7,3701
PPP1R9A,3702
PPP1R9B,3703
PPP2CA,3704
PPP2CB,3705
PPP2R1A,3706
PPP2R1B,3707
PPP2R2A,3708
PPP2R2C,3709
PPP2R2D,3710
PPP2R4,3711
PPP2R5A,3712
PPP2R5B,3713
PPP2R5C,3714
PPP2R5D,3715
PPP2R5E,3716
PPP3CA,3717
PPP3CB,3718
PPP3CC,3719
PPP4C,3720
PPP4R2,3721
PPP4R4,3722
PPP5C,3723
PPP6C,3724
PPP6R2,3725
PPP6R3,3726
PPTC7,3727
PQBP1,3728
PQLC1,3729
PRAF2,3730
PRCC,3731
PRDX1,3732
PRDX3,3733
PRDX4,3734
PRDX5,3735
PRDX6,3736
PRELP,3737
PREP,3738
PREPL,3739
PREX2,3740
PRICKLE2,3741
PRKAA1,3742
PRKAA2,3743
PRKAB2,3744
PRKACA,3745
PRKACB,3746
PRKAG1,3747
PRKAG2,3748
PRKAR1A,3749
PRKAR1B,3750
PRKAR2A,3751
PRKAR2B,3752
PRKCA,3753
PRKCB,3754
PRKCD,3755
PRKCDBP,3756
PRKCE,3757
PRKCG,3758
PRKCH,3759
PRKCI,3760
PRKCSH,3761
PRKD3,3762
PRKDC,3763
PRKG1,3764
PRKG2,3765
PRKRA,3766
PRMT1,3767
PRMT5,3768
PRMT8,3769
PRNP,3770
PROS1,3771
PROSC,3772
PRPF19,3773
PRPF3,3774
PRPF31,3775
PRPF38B,3776
PRPF4,3777
PRPF40A,3778
PRPF40B,3779
PRPF4B,3780
PRPF6,3781
PRPF8,3782
PRPH,3783
PRPS1,3784
PRPS2,3785
PRPSAP1,3786
PRPSAP2,3787
PRR18,3788
PRR36,3789
PRR7,3790
PRRC2A,3791
PRRC2B,3792
PRRC2C,3793
PRRT1,3794
PRRT2,3795
PRRT3,3796
PRTN3,3797
PRUNE,3798
PRUNE2,3799
PSAP,3800
PSAT1,3801
PSD,3802
PSD3,3803
PSIP1,3804
PSMA1,3805
PSMA2,3806
PSMA3,3807
PSMA4,3808
PSMA5,3809
PSMA6,3810
PSMA7,3811
PSMA8,3812
PSMB1,3813
PSMB10,3814
PSMB2,3815
PSMB3,3816
PSMB5,3817
PSMB6,3818
PSMB7,3819
PSMB8,3820
PSMB9,3821
PSMC1,3822
PSMC2,3823
PSMC3,3824
PSMC4,3825
PSMC5,3826
PSMC6,3827
PSMD1,3828
PSMD10,3829
PSMD11,3830
PSMD12,3831
PSMD13,3832
PSMD14,3833
PSMD3,3834
PSMD4,3835
PSMD6,3836
PSMD7,3837
PSMD8,3838
PSMD9,3839
PSME1,3840
PSME2,3841
PSME3,3842
PSMG1,3843
PSPC1,3844
PTBP1,3845
PTBP2,3846
PTCD3,3847
PTEN,3848
PTER,3849
PTGDS,3850
PTGES,3851
PTGES2,3852
PTGES3,3853
PTGFRN,3854
PTGR1,3855
PTGR2,3856
PTGS1,3857
PTK2,3858
PTK2B,3859
PTMA,3860
PTMS,3861
PTN,3862
PTP4A1,3863
PTP4A2,3864
PTP4A3,3865
PTPDC1,3866
PTPN11,3867
PTPN12,3868
PTPN23,3869
PTPN5,3870
PTPN6,3871
PTPN9,3872
PTPRA,3873
PTPRC,3874
PTPRD,3875
PTPRE,3876
PTPRF,3877
PTPRG,3878
PTPRK,3879
PTPRN,3880
PTPRN2,3881
PTPRR,3882
PTPRS,3883
PTPRT,3884
PTPRZ1,3885
PTRF,3886
PTRH1,3887
PTRH2,3888
PTRHD1,3889
PTTG1IP,3890
PUF60,3891
PUM1,3892
PUM2,3893
PURA,3894
PURB,3895
PURG,3896
PUS1,3897
PVALB,3898
PVR,3899
PVRL1,3900
PVRL2,3901
PVRL3,3902
PWP1,3903
PXK,3904
PXN,3905
PYCARD,3906
PYCR2,3907
PYGB,3908
PYGL,3909
PYGM,3910
QARS,3911
QDPR,3912
QKI,3913
QPCT,3914
QPRT,3915
QRSL1,3916
QTRT1,3917
R3HDM1,3918
R3HDM2,3919
RAB10,3920
RAB11A,3921
RAB11B,3922
RAB11FIP2,3923
RAB11FIP5,3924
RAB12,3925
RAB13,3926
RAB14,3927
RAB15,3928
RAB18,3929
RAB1A,3930
RAB1B,3931
RAB21,3932
RAB22A,3933
RAB23,3934
RAB24,3935
RAB26,3936
RAB27A,3937
RAB27B,3938
RAB28,3939
RAB29,3940
RAB2A,3941
RAB2B,3942
RAB30,3943
RAB31,3944
RAB32,3945
RAB33A,3946
RAB33B,3947
RAB35,3948
RAB37,3949
RAB39A,3950
RAB39B,3951
RAB3A,3952
RAB3B,3953
RAB3C,3954
RAB3D,3955
RAB3GAP1,3956
RAB3GAP2,3957
RAB4A,3958
RAB5A,3959
RAB5B,3960
RAB5C,3961
RAB6A,3962
RAB6B,3963
RAB7A,3964
RAB8A,3965
RAB8B,3966
RAB9A,3967
RAB9B,3968
RABAC1,3969
RABEP1,3970
RABEP2,3971
RABEPK,3972
RABGAP1,3973
RABGAP1L,3974
RABGEF1,3975
RABGGTA,3976
RABGGTB,3977
RABIF,3978
RABL2A,3979
RABL6,3980
RAC1,3981
RAC3,3982
RAD21,3983
RAD23A,3984
RAD23B,3985
RAE1,3986
RAF1,3987
RALA,3988
RALBP1,3989
RALGAPA1,3990
RALGAPB,3991
RALY,3992
RALYL,3993
RAN,3994
RANBP1,3995
RANBP2,3996
RANBP3,3997
RANBP6,3998
RANBP9,3999
RANGAP1,4000
RAP1A,4001
RAP1B,4002
RAP1GAP,4003
RAP1GAP2,4004
RAP1GDS1,4005
RAP2A,4006
RAP2B,4007
RAP2C,4008
RAPGEF1,4009
RAPGEF2,4010
RAPGEF3,4011
RAPGEF4,4012
RAPGEF5,4013
RAPGEF6,4014
RAPH1,4015
RARS,4016
RARS2,4017
RASA1,4018
RASA2,4019
RASAL1,4020
RASAL2,4021
RASGEF1A,4022
RASGRF1,4023
RASGRF2,4024
RASGRP2,4025
RASSF2,4026
RAVER1,4027
RB1CC1,4028
RBBP4,4029
RBBP6,4030
RBBP7,4031
RBBP9,4032
RBFOX1,4033
RBKS,4034
RBM10,4035
RBM12B,4036
RBM15,4037
RBM15B,4038
RBM17,4039
RBM22,4040
RBM25,4041
RBM26,4042
RBM3,4043
RBM33,4044
RBM39,4045
RBM4,4046
RBM4B,4047
RBM8A,4048
RBMS1,4049
RBMX,4050
RBP7,4051
RBSN,4052
RCAN2,4053
RCC1,4054
RCC2,4055
RCHY1,4056
RCN1,4057
RCN2,4058
RDH11,4059
RDH13,4060
RDH14,4061
RDX,4062
RECQL,4063
REEP1,4064
REEP2,4065
REEP3,4066
REEP5,4067
RELL1,4068
RELL2,4069
RENBP,4070
REPS1,4071
REPS2,4072
RER1,4073
REXO2,4074
RFC1,4075
RFC2,4076
RFFL,4077
RFK,4078
RFTN1,4079
RFTN2,4080
RGCC,4081
RGL2,4082
RGMA,4083
RGPD1,4084
RGS12,4085
RGS14,4086
RGS17,4087
RGS20,4088
RGS3,4089
RGS6,4090
RGS7,4091
RGS7BP,4092
RHBDD2,4093
RHBDF1,4094
RHEB,4095
RHOA,4096
RHOB,4097
RHOBTB3,4098
RHOC,4099
RHOF,4100
RHOG,4101
RHOJ,4102
RHOQ,4103
RHOT1,4104
RIC3,4105
RIC8A,4106
RIC8B,4107
RILPL1,4108
RIMBP2,4109
RIMKLA,4110
RIMS1,4111
RIMS2,4112
RIMS4,4113
RIN1,4114
RIN2,4115
RIPK1,4116
RIT2,4117
RLBP1,4118
RLTPR,4119
RMDN1,4120
RMDN2,4121
RMDN3,4122
RMND1,4123
RMND5A,4124
RNASE1,4125
RNASEL,4126
RNASET2,4127
RNF11,4128
RNF114,4129
RNF123,4130
RNF14,4131
RNF144A,4132
RNF157,4133
RNF175,4134
RNF181,4135
RNF2,4136
RNF20,4137
RNF213,4138
RNF214,4139
RNF219,4140
RNF34,4141
RNF40,4142
RNGTT,4143
RNH1,4144
RNMT,4145
RNMTL1,4146
RNPEP,4147
RNPS1,4148
ROBO1,4149
ROBO2,4150
ROCK1,4151
ROCK2,4152
ROGDI,4153
RP2,4154
RPA1,4155
RPA2,4156
RPA3,4157
RPAP3,4158
RPE,4159
RPH3A,4160
RPIA,4161
RPL10,4162
RPL10A,4163
RPL11,4164
RPL12,4165
RPL13,4166
RPL13A,4167
RPL14,4168
RPL15,4169
RPL17,4170
RPL18,4171
RPL18A,4172
RPL19,4173
RPL21,4174
RPL22,4175
RPL23,4176
RPL23A,4177
RPL24,4178
RPL26L1,4179
RPL27,4180
RPL27A,4181
RPL28,4182
RPL29,4183
RPL3,4184
RPL30,4185
RPL31,4186
RPL32,4187
RPL34,4188
RPL35,4189
RPL35A,4190
RPL36,4191
RPL36A,4192
RPL36AL,4193
RPL37,4194
RPL37A,4195
RPL38,4196
RPL39,4197
RPL4,4198
RPL5,4199
RPL6,4200
RPL7,4201
RPL7A,4202
RPL8,4203
RPL9,4204
RPLP0,4205
RPLP1,4206
RPLP2,4207
RPN1,4208
RPN2,4209
RPRD1A,4210
RPRD1B,4211
RPRD2,4212
RPS11,4213
RPS12,4214
RPS13,4215
RPS14,4216
RPS15,4217
RPS16,4218
RPS18,4219
RPS19,4220
RPS2,4221
RPS20,4222
RPS21,4223
RPS23,4224
RPS24,4225
RPS25,4226
RPS26,4227
RPS27,4228
RPS27A,4229
RPS27L,4230
RPS28,4231
RPS3,4232
RPS3A,4233
RPS4X,4234
RPS4Y1,4235
RPS5,4236
RPS6,4237
RPS6KA1,4238
RPS6KA2,4239
RPS6KA5,4240
RPS6KC1,4241
RPS7,4242
RPS8,4243
RPS9,4244
RPSA,4245
RPTOR,4246
RRAGB,4247
RRAGC,4248
RRAS,4249
RRAS2,4250
RRBP1,4251
RRM1,4252
RRM2B,4253
RRP1,4254
RSF1,4255
RSL1D1,4256
RSRC2,4257
RSU1,4258
RTCA,4259
RTCB,4260
RTF1,4261
RTFDC1,4262
RTKN,4263
RTN1,4264
RTN3,4265
RTN4,4266
RTN4IP1,4267
RTN4R,4268
RTN4RL2,4269
RUFY1,4270
RUFY2,4271
RUFY3,4272
RUNDC3A,4273
RUNDC3B,4274
RUVBL1,4275
RUVBL2,4276
RWDD1,4277
RYR2,4278
S100A1,4279
S100A10,4280
S100A11,4281
S100A12,4282
S100A4,4283
S100A6,4284
S100A8,4285
S100A9,4286
S100B,4287
S1PR5,4288
SAA1,4289
SAA2-SAA4,4290
SACM1L,4291
SACS,4292
SAE1,4293
SAFB,4294
SAFB2,4295
SAMD12,4296
SAMD14,4297
SAMHD1,4298
SAMM50,4299
SAP130,4300
SAP18,4301
SAP30BP,4302
SAR1A,4303
SAR1B,4304
SARAF,4305
SARDH,4306
SARS,4307
SARS2,4308
SART1,4309
SART3,4310
SASH1,4311
SASH3,4312
SATB2,4313
SBDS,4314
SBF1,4315
SCAF1,4316
SCAF4,4317
SCAF8,4318
SCAI,4319
SCAMP1,4320
SCAMP2,4321
SCAMP3,4322
SCAMP5,4323
SCAPER,4324
SCARA3,4325
SCARB2,4326
SCCPDH,4327
SCD,4328
SCFD1,4329
SCG2,4330
SCG3,4331
SCG5,4332
SCGN,4333
SCIN,4334
SCN1A,4335
SCN1B,4336
SCN2A,4337
SCN2B,4338
SCN3A,4339
SCN3B,4340
SCN4B,4341
SCN8A,4342
SCO1,4343
SCP2,4344
SCPEP1,4345
SCRIB,4346
SCRN1,4347
SCRN3,4348
SCYL1,4349
SCYL2,4350
SDAD1,4351
SDC2,4352
SDC3,4353
SDC4,4354
SDF4,4355
SDHA,4356
SDHB,4357
SDHC,4358
SDHD,4359
SDR39U1,4360
SEC11C,4361
SEC13,4362
SEC14L1,4363
SEC14L2,4364
SEC16A,4365
SEC22A,4366
SEC22B,4367
SEC23A,4368
SEC23B,4369
SEC23IP,4370
SEC24C,4371
SEC31A,4372
SEC61A1,4373
SEC61A2,4374
SEC62,4375
SEL1L,4376
SELENBP1,4377
SELO,4378
SEMA4A,4379
SEMA4B,4380
SEMA4D,4381
SEMA4F,4382
SEMA4G,4383
SEMA7A,4384
SENP8,4385
SEPHS1,4386
SEPSECS,4387
SEPW1,4388
SERAC1,4389
SERBP1,4390
SERF2,4391
SERINC1,4392
SERINC3,4393
SERPINA1,4394
SERPINA3,4395
SERPINB1,4396
SERPINB6,4397
SERPINB9,4398
SERPINC1,4399
SERPIND1,4400
SERPINE2,4401
SERPINF2,4402
SERPING1,4403
SERPINH1,4404
SERPINI1,4405
SESN1,4406
SESTD1,4407
SET,4408
SETD3,4409
SEZ6L2,4410
SF1,4411
SF3A1,4412
SF3A2,4413
SF3A3,4414
SF3B1,4415
SF3B2,4416
SF3B3,4417
SF3B4,4418
SF3B6,4419
SFPQ,4420
SFRP1,4421
SFT2D2,4422
SFXN1,4423
SFXN3,4424
SFXN4,4425
SFXN5,4426
SGCD,4427
SGIP1,4428
SGK223,4429
SGSM1,4430
SGSM2,4431
SGTA,4432
SGTB,4433
SH2B2,4434
SH2D3C,4435
SH2D5,4436
SH3BGRL,4437
SH3BGRL2,4438
SH3BGRL3,4439
SH3BP4,4440
SH3D19,4441
SH3GL1,4442
SH3GL2,4443
SH3GL3,4444
SH3GLB1,4445
SH3GLB2,4446
SH3KBP1,4447
SH3PXD2A,4448
SH3PXD2B,4449
SH3RF3,4450
SHANK1,4451
SHANK2,4452
SHANK3,4453
SHC3,4454
SHF,4455
SHISA4,4456
SHISA7,4457
SHISA9,4458
SHMT1,4459
SHMT2,4460
SHOC2,4461
SHOX2,4462
SHROOM2,4463
SHROOM3,4464
SIDT1,4465
SIK3,4466
SIL1,4467
SIN3A,4468
SIPA1,4469
SIPA1L1,4470
SIPA1L2,4471
SIRPA,4472
SIRT2,4473
SIRT5,4474
SKAP1,4475
SKIV2L,4476
SKIV2L2,4477
SKP1,4478
SLAIN1,4479
SLC12A1,4480
SLC12A2,4481
SLC12A5,4482
SLC12A6,4483
SLC12A9,4484
SLC13A5,4485
SLC14A1,4486
SLC16A7,4487
SLC17A6,4488
SLC17A7,4489
SLC17A8,4490
SLC1A1,4491
SLC1A2,4492
SLC1A3,4493
SLC1A4,4494
SLC22A17,4495
SLC22A18,4496
SLC22A23,4497
SLC24A2,4498
SLC24A4,4499
SLC25A1,4500
SLC25A10,4501
SLC25A11,4502
SLC25A12,4503
SLC25A13,4504
SLC25A14,4505
SLC25A15,4506
SLC25A18,4507
SLC25A19,4508
SLC25A20,4509
SLC25A22,4510
SLC25A23,4511
SLC25A25,4512
SLC25A27,4513
SLC25A29,4514
SLC25A3,4515
SLC25A32,4516
SLC25A33,4517
SLC25A36,4518
SLC25A4,4519
SLC25A40,4520
SLC25A42,4521
SLC25A44,4522
SLC25A46,4523
SLC25A5,4524
SLC25A6,4525
SLC27A1,4526
SLC27A2,4527
SLC27A4,4528
SLC29A1,4529
SLC2A1,4530
SLC2A13,4531
SLC2A3,4532
SLC2A6,4533
SLC30A1,4534
SLC30A3,4535
SLC30A9,4536
SLC32A1,4537
SLC35A4,4538
SLC38A1,4539
SLC38A2,4540
SLC38A3,4541
SLC39A10,4542
SLC39A12,4543
SLC39A14,4544
SLC39A6,4545
SLC39A7,4546
SLC3A2,4547
SLC41A3,4548
SLC43A2,4549
SLC44A1,4550
SLC44A2,4551
SLC4A1,4552
SLC4A10,4553
SLC4A1AP,4554
SLC4A3,4555
SLC4A4,4556
SLC4A7,4557
SLC4A8,4558
SLC6A1,4559
SLC6A11,4560
SLC6A12,4561
SLC6A15,4562
SLC6A17,4563
SLC6A4,4564
SLC6A7,4565
SLC6A8,4566
SLC6A9,4567
SLC7A1,4568
SLC7A11,4569
SLC7A14,4570
SLC7A2,4571
SLC7A3,4572
SLC7A5,4573
SLC7A6,4574
SLC7A8,4575
SLC8A1,4576
SLC8A2,4577
SLC8A3,4578
SLC9A1,4579
SLC9A6,4580
SLC9A7,4581
SLC9B2,4582
SLCO1B1,4583
SLCO3A1,4584
SLIRP,4585
SLIT1,4586
SLIT2,4587
SLITRK4,4588
SLITRK5,4589
SLK,4590
SLTM,4591
SMAD4,4592
SMAD5,4593
SMAP1,4594
SMAP2,4595
SMARCA2,4596
SMARCA4,4597
SMARCA5,4598
SMARCC2,4599
SMARCE1,4600
SMC1A,4601
SMC3,4602
SMCHD1,4603
SMCR8,4604
SMG1,4605
SMIM12,4606
SMIM13,4607
SMIM18,4608
SMIM20,4609
SMNDC1,4610
SMOC1,4611
SMPD3,4612
SMPX,4613
SMS,4614
SMTN,4615
SMU1,4616
SMYD2,4617
SMYD3,4618
SMYD5,4619
SNAP23,4620
SNAP25,4621
SNAP29,4622
SNAP47,4623
SNAP91,4624
SNCA,4625
SNCB,4626
SNCG,4627
SND1,4628
SNPH,4629
SNRK,4630
SNRNP200,4631
SNRNP27,4632
SNRNP40,4633
SNRNP70,4634
SNRPA,4635
SNRPA1,4636
SNRPB,4637
SNRPB2,4638
SNRPC,4639
SNRPD1,4640
SNRPD2,4641
SNRPD3,4642
SNRPF,4643
SNRPG,4644
SNTA1,4645
SNTB1,4646
SNTB2,4647
SNUPN,4648
SNW1,4649
SNX1,4650
SNX10,4651
SNX12,4652
SNX13,4653
SNX14,4654
SNX17,4655
SNX18,4656
SNX2,4657
SNX25,4658
SNX27,4659
SNX29,4660
SNX3,4661
SNX30,4662
SNX32,4663
SNX4,4664
SNX5,4665
SNX6,4666
SNX7,4667
SNX9,4668
SOD1,4669
SOD2,4670
SOGA1,4671
SON,4672
SORBS1,4673
SORBS2,4674
SORBS3,4675
SORCS1,4676
SORCS2,4677
SORCS3,4678
SORD,4679
SORL1,4680
SORT1,4681
SOWAHA,4682
SOX10,4683
SOX11,4684
SP100,4685
SPAG1,4686
SPAG7,4687
SPAG9,4688
SPARC,4689
SPAST,4690
SPATA2,4691
SPATA33,4692
SPATS2,4693
SPATS2L,4694
SPCS1,4695
SPCS2,4696
SPCS3,4697
SPECC1,4698
SPECC1L,4699
SPEG,4700
SPEN,4701
SPG11,4702
SPG20,4703
SPG21,4704
SPG7,4705
SPHK2,4706
SPHKAP,4707
SPIN1,4708
SPIRE1,4709
SPOCK1,4710
SPOCK2,4711
SPOCK3,4712
SPON1,4713
SPP1,4714
SPR,4715
SPRED1,4716
SPRED3,4717
SPRY2,4718
SPRYD4,4719
SPRYD7,4720
SPTA1,4721
SPTAN1,4722
SPTB,4723
SPTBN1,4724
SPTBN2,4725
SPTBN4,4726
SPTLC1,4727
SPTLC2,4728
SPTY2D1,4729
SQRDL,4730
SQSTM1,4731
SRC,4732
SRCIN1,4733
SREK1,4734
SRGAP2,4735
SRGAP3,4736
SRI,4737
SRP14,4738
SRP54,4739
SRP68,4740
SRP72,4741
SRP9,4742
SRPK1,4743
SRPK2,4744
SRPR,4745
SRPRB,4746
SRR,4747
SRRM1,4748
SRRM2,4749
SRRT,4750
SRSF1,4751
SRSF10,4752
SRSF11,4753
SRSF12,4754
SRSF2,4755
SRSF3,4756
SRSF4,4757
SRSF5,4758
SRSF6,4759
SRSF7,4760
SRSF8,4761
SRSF9,4762
SRXN1,4763
SS18L1,4764
SSB,4765
SSBP1,4766
SSFA2,4767
SSH1,4768
SSH3,4769
SSPN,4770
SSR1,4771
SSR4,4772
SSRP1,4773
SST,4774
SSX2IP,4775
ST13,4776
STAB1,4777
STAC2,4778
STAG1,4779
STAG2,4780
STAM,4781
STAM2,4782
STARD10,4783
STARD3NL,4784
STARD7,4785
STAT1,4786
STAT2,4787
STAT3,4788
STAT4,4789
STAT5A,4790
STAT6,4791
STAU2,4792
STEAP2,4793
STIM1,4794
STIM2,4795
STIP1,4796
STK10,4797
STK11,4798
STK24,4799
STK25,4800
STK32C,4801
STK38,4802
STK38L,4803
STK39,4804
STMN1,4805
STMN2,4806
STMN3,4807
STMN4,4808
STOM,4809
STOML2,4810
STON2,4811
STRADA,4812
STRAP,4813
STRBP,4814
STRIP1,4815
STRIP2,4816
STRN,4817
STRN3,4818
STRN4,4819
STT3A,4820
STT3B,4821
STX12,4822
STX16,4823
STX17,4824
STX1A,4825
STX1B,4826
STX4,4827
STX6,4828
STX7,4829
STX8,4830
STXBP1,4831
STXBP2,4832
STXBP3,4833
STXBP5,4834
STXBP5L,4835
SUB1,4836
SUCLA2,4837
SUCLG1,4838
SUCLG2,4839
SUGP2,4840
SUGT1,4841
SULT4A1,4842
SUMF2,4843
SUMO3,4844
SUN1,4845
SUN2,4846
SUOX,4847
SUPT16H,4848
SUPT5H,4849
SUPT6H,4850
SUPV3L1,4851
SURF4,4852
SUSD5,4853
SV2A,4854
SV2B,4855
SV2C,4856
SVOP,4857
SWAP70,4858
SYAP1,4859
SYBU,4860
SYK,4861
SYMPK,4862
SYN1,4863
SYN2,4864
SYN3,4865
SYNCRIP,4866
SYNDIG1,4867
SYNE1,4868
SYNGAP1,4869
SYNGR1,4870
SYNGR2,4871
SYNGR3,4872
SYNJ1,4873
SYNJ2,4874
SYNJ2BP-COX16,4875
SYNM,4876
SYNPO,4877
SYNPR,4878
SYNRG,4879
SYP,4880
SYT1,4881
SYT12,4882
SYT13,4883
SYT17,4884
SYT2,4885
SYT3,4886
SYT5,4887
SYT7,4888
SYTL2,4889
SYTL4,4890
SYVN1,4891
SZRD1,4892
SZT2,4893
TAC1,4894
TAC3,4895
TACC1,4896
TACC2,4897
TACO1,4898
TAF15,4899
TAF7,4900
TAGLN,4901
TAGLN2,4902
TAGLN3,4903
TALDO1,4904
TAMM41,4905
TANC2,4906
TAOK1,4907
TAOK2,4908
TAP1,4909
TAPT1,4910
TARDBP,4911
TARS,4912
TARS2,4913
TARSL2,4914
TATDN1,4915
TAX1BP1,4916
TAX1BP3,4917
TBC1D1,4918
TBC1D10B,4919
TBC1D13,4920
TBC1D15,4921
TBC1D17,4922
TBC1D19,4923
TBC1D23,4924
TBC1D24,4925
TBC1D4,4926
TBC1D7,4927
TBC1D9B,4928
TBCA,4929
TBCB,4930
TBCC,4931
TBCD,4932
TBCE,4933
TBCK,4934
TBK1,4935
TBPL1,4936
TBR1,4937
TBRG4,4938
TBXAS1,4939
TCAF1,4940
TCEA1,4941
TCEA2,4942
TCEAL1,4943
TCEAL2,4944
TCEAL3,4945
TCEAL4,4946
TCEAL5,4947
TCEAL6,4948
TCEAL7,4949
TCEB1,4950
TCEB2,4951
TCEB3,4952
TCERG1,4953
TCF20,4954
TCF25,4955
TCF4,4956
TCOF1,4957
TCP1,4958
TCP11L1,4959
TDRKH,4960
TECPR1,4961
TECPR2,4962
TECR,4963
TELO2,4964
TENM2,4965
TENM3,4966
TENM4,4967
TERF2,4968
TERF2IP,4969
TESC,4970
TESPA1,4971
TEX2,4972
TF,4973
TFAM,4974
TFAP4,4975
TFB1M,4976
TFIP11,4977
TGFB1I1,4978
TGFBI,4979
TGFBR1,4980
TGFBRAP1,4981
TGM2,4982
TGOLN2,4983
THAP4,4984
THBS1,4985
THEM6,4986
THEMIS,4987
THNSL1,4988
THOC1,4989
THOC2,4990
THOC5,4991
THOP1,4992
THRAP3,4993
THSD7A,4994
THUMPD1,4995
THUMPD3,4996
THY1,4997
THYN1,4998
TIAM2,4999
TIMM10,5000
TIMM10B,5001
TIMM13,5002
TIMM21,5003
TIMM22,5004
TIMM23,5005
TIMM44,5006
TIMM50,5007
TIMM8A,5008
TIMM8B,5009
TIMM9,5010
TIMMDC1,5011
TIMP2,5012
TINAGL1,5013
TIPRL,5014
TJAP1,5015
TJP1,5016
TJP2,5017
TK2,5018
TKT,5019
TLN1,5020
TLN2,5021
TM7SF2,5022
TM9SF2,5023
TM9SF3,5024
TM9SF4,5025
TMA16,5026
TMA7,5027
TMBIM6,5028
TMC6,5029
TMC7,5030
TMCC3,5031
TMED10,5032
TMED2,5033
TMED4,5034
TMED5,5035
TMED8,5036
TMED9,5037
TMEFF2,5038
TMEM11,5039
TMEM119,5040
TMEM126A,5041
TMEM126B,5042
TMEM127,5043
TMEM132A,5044
TMEM132B,5045
TMEM132E,5046
TMEM135,5047
TMEM143,5048
TMEM151B,5049
TMEM163,5050
TMEM167A,5051
TMEM173,5052
TMEM177,5053
TMEM178A,5054
TMEM178B,5055
TMEM181,5056
TMEM189-UBE2V1,5057
TMEM19,5058
TMEM192,5059
TMEM199,5060
TMEM2,5061
TMEM209,5062
TMEM214,5063
TMEM230,5064
TMEM245,5065
TMEM25,5066
TMEM259,5067
TMEM263,5068
TMEM30A,5069
TMEM33,5070
TMEM38A,5071
TMEM41B,5072
TMEM43,5073
TMEM51,5074
TMEM55A,5075
TMEM56,5076
TMEM57,5077
TMEM63A,5078
TMEM63B,5079
TMEM63C,5080
TMEM65,5081
TMEM74B,5082
TMEM87A,5083
TMEM9,5084
TMOD1,5085
TMOD2,5086
TMOD3,5087
TMPO,5088
TMSB10,5089
TMTC3,5090
TMUB2,5091
TMX1,5092
TMX3,5093
TMX4,5094
TNC,5095
TNFAIP8L3,5096
TNIK,5097
TNKS,5098
TNKS1BP1,5099
TNPO1,5100
TNPO2,5101
TNPO3,5102
TNR,5103
TNRC6B,5104
TNS1,5105
TNS2,5106
TNS3,5107
TNXB,5108
TOLLIP,5109
TOM1,5110
TOM1L1,5111
TOM1L2,5112
TOMM20,5113
TOMM22,5114
TOMM34,5115
TOMM40,5116
TOMM40L,5117
TOMM70A,5118
TOP1,5119
TOP2B,5120
TOR1A,5121
TOR1AIP1,5122
TP53BP1,5123
TP53BP2,5124
TP53I11,5125
TPBG,5126
TPCN1,5127
TPD52,5128
TPD52L1,5129
TPD52L2,5130
TPGS1,5131
TPGS2,5132
TPI1,5133
TPM1,5134
TPM2,5135
TPM3,5136
TPP1,5137
TPP2,5138
TPPP,5139
TPPP3,5140
TPR,5141
TPRG1L,5142
TPT1,5143
TRA2A,5144
TRA2B,5145
TRADD,5146
TRAF3,5147
TRAF6,5148
TRAF7,5149
TRAP1,5150
TRAPPC10,5151
TRAPPC11,5152
TRAPPC12,5153
TRAPPC13,5154
TRAPPC2L,5155
TRAPPC3,5156
TRAPPC4,5157
TRAPPC5,5158
TRAPPC6B,5159
TRAPPC8,5160
TRAPPC9,5161
TRHDE,5162
TRIM2,5163
TRIM21,5164
TRIM25,5165
TRIM26,5166
TRIM27,5167
TRIM28,5168
TRIM3,5169
TRIM32,5170
TRIM33,5171
TRIM36,5172
TRIM4,5173
TRIM47,5174
TRIM56,5175
TRIM65,5176
TRIM9,5177
TRIO,5178
TRIP10,5179
TRIP11,5180
TRIP12,5181
TRIP6,5182
TRMT10C,5183
TRMT11,5184
TRMT2A,5185
TRMT5,5186
TRMT6,5187
TRMU,5188
TRNT1,5189
TROVE2,5190
TRPM2,5191
TRUB1,5192
TSC1,5193
TSC2,5194
TSC22D1,5195
TSC22D2,5196
TSC22D3,5197
TSC22D4,5198
TSFM,5199
TSG101,5200
TSHZ3,5201
TSN,5202
TSPAN13,5203
TSPAN15,5204
TSPAN5,5205
TSPAN7,5206
TSPAN8,5207
TSPO,5208
TSPYL4,5209
TSPYL5,5210
TSR2,5211
TSR3,5212
TSSC1,5213
TST,5214
TSTA3,5215
TSTD1,5216
TTC1,5217
TTC19,5218
TTC21B,5219
TTC26,5220
TTC33,5221
TTC37,5222
TTC39B,5223
TTC39C,5224
TTC4,5225
TTC5,5226
TTC7B,5227
TTC9,5228
TTC9B,5229
TTC9C,5230
TTL,5231
TTLL1,5232
TTN,5233
TTPAL,5234
TTR,5235
TTYH1,5236
TTYH2,5237
TTYH3,5238
TUB,5239
TUBA1A,5240
TUBA1C,5241
TUBA3E,5242
TUBA4A,5243
TUBA8,5244
TUBAL3,5245
TUBB,5246
TUBB2A,5247
TUBB2B,5248
TUBB3,5249
TUBB4A,5250
TUBB4B,5251
TUBG2,5252
TUBGCP2,5253
TUBGCP6,5254
TUFM,5255
TUSC2,5256
TUSC3,5257
TWF1,5258
TWF2,5259
TXLNA,5260
TXN,5261
TXN2,5262
TXNDC12,5263
TXNDC9,5264
TXNIP,5265
TXNL1,5266
TXNL4A,5267
TXNRD1,5268
TYMP,5269
TYRO3,5270
U2AF1,5271
U2AF2,5272
U2SURP,5273
UAP1,5274
UAP1L1,5275
UBA1,5276
UBA2,5277
UBA3,5278
UBA5,5279
UBA52,5280
UBA6,5281
UBA7,5282
UBAP2,5283
UBAP2L,5284
UBASH3B,5285
UBC,5286
UBE2C,5287
UBE2D1,5288
UBE2D3,5289
UBE2E1,5290
UBE2F,5291
UBE2G2,5292
UBE2H,5293
UBE2I,5294
UBE2K,5295
UBE2L6,5296
UBE2M,5297
UBE2N,5298
UBE2O,5299
UBE2Q1,5300
UBE2R2,5301
UBE2V2,5302
UBE2Z,5303
UBE3A,5304
UBE3C,5305
UBE4A,5306
UBE4B,5307
UBFD1,5308
UBL3,5309
UBL4A,5310
UBL5,5311
UBL7,5312
UBLCP1,5313
UBQLN4,5314
UBR1,5315
UBR2,5316
UBR3,5317
UBR4,5318
UBR5,5319
UBR7,5320
UBTF,5321
UBXN1,5322
UBXN10,5323
UBXN2B,5324
UBXN4,5325
UBXN6,5326
UBXN7,5327
UCHL1,5328
UCHL5,5329
UCKL1,5330
UEVLD,5331
UFC1,5332
UFD1L,5333
UFL1,5334
UFM1,5335
UFSP2,5336
UGGT1,5337
UGGT2,5338
UGP2,5339
UGT8,5340
UHRF1BP1L,5341
ULK1,5342
UNC13A,5343
UNC13B,5344
UNC13C,5345
UNC5A,5346
UNC5B,5347
UNC5C,5348
UNG,5349
UNK,5350
UPF1,5351
UPF2,5352
UPF3A,5353
UPF3B,5354
UQCC1,5355
UQCC2,5356
UQCR10,5357
UQCRB,5358
UQCRC1,5359
UQCRC2,5360
UQCRFS1,5361
UQCRH,5362
UQCRQ,5363
URB2,5364
UROD,5365
USF1,5366
USMG5,5367
USO1,5368
USP10,5369
USP11,5370
USP12,5371
USP13,5372
USP14,5373
USP15,5374
USP19,5375
USP24,5376
USP25,5377
USP31,5378
USP32,5379
USP39,5380
USP4,5381
USP43,5382
USP46,5383
USP47,5384
USP48,5385
USP5,5386
USP54,5387
USP7,5388
USP8,5389
USP9X,5390
USP9Y,5391
UTP14A,5392
UTRN,5393
UVRAG,5394
VAC14,5395
VAMP1,5396
VAMP2,5397
VAMP3,5398
VAMP5,5399
VAMP7,5400
VAPA,5401
VAPB,5402
VARS,5403
VARS2,5404
VASN,5405
VASP,5406
VAT1,5407
VAT1L,5408
VBP1,5409
VCAN,5410
VCL,5411
VCP,5412
VCPIP1,5413
VDAC1,5414
VDAC2,5415
VDAC3,5416
VGF,5417
VIM,5418
VIPAS39,5419
VKORC1L1,5420
VMA21,5421
VPRBP,5422
VPS11,5423
VPS13A,5424
VPS13C,5425
VPS13D,5426
VPS16,5427
VPS18,5428
VPS26A,5429
VPS26B,5430
VPS28,5431
VPS29,5432
VPS33A,5433
VPS33B,5434
VPS35,5435
VPS37B,5436
VPS39,5437
VPS41,5438
VPS45,5439
VPS4A,5440
VPS4B,5441
VPS51,5442
VPS52,5443
VPS53,5444
VPS8,5445
VPS9D1,5446
VSNL1,5447
VSTM2A,5448
VSTM2L,5449
VTA1,5450
VTI1A,5451
VTI1B,5452
VTN,5453
VWA1,5454
VWA5A,5455
VWC2,5456
VWF,5457
WARS,5458
WARS2,5459
WASF1,5460
WASF2,5461
WASF3,5462
WASL,5463
WBP11,5464
WBP2,5465
WBP4,5466
WBSCR17,5467
WDFY1,5468
WDFY2,5469
WDFY3,5470
WDR1,5471
WDR12,5472
WDR13,5473
WDR17,5474
WDR18,5475
WDR19,5476
WDR26,5477
WDR35,5478
WDR37,5479
WDR41,5480
WDR44,5481
WDR45,5482
WDR45B,5483
WDR47,5484
WDR48,5485
WDR5,5486
WDR54,5487
WDR7,5488
WDR77,5489
WDR82,5490
WDR91,5491
WDTC1,5492
WFS1,5493
WHAMM,5494
WIPF2,5495
WIPF3,5496
WIPI2,5497
WLS,5498
WNK1,5499
WNK2,5500
WRB,5501
WRNIP1,5502
WSB2,5503
WWOX,5504
XKR4,5505
XKR6,5506
XPNPEP1,5507
XPNPEP3,5508
XPO1,5509
XPO5,5510
XPO7,5511
XPOT,5512
XPR1,5513
XRCC1,5514
XRCC4,5515
XRCC5,5516
XRCC6,5517
XRN1,5518
XRN2,5519
YAF2,5520
YAP1,5521
YARS,5522
YARS2,5523
YBX1,5524
YBX3,5525
YES1,5526
YIPF4,5527
YJEFN3,5528
YKT6,5529
YLPM1,5530
YME1L1,5531
YOD1,5532
YTHDC1,5533
YTHDC2,5534
YTHDF1,5535
YTHDF2,5536
YTHDF3,5537
YWHAB,5538
YWHAE,5539
YWHAG,5540
YWHAH,5541
YWHAQ,5542
YWHAZ,5543
ZADH2,5544
ZC2HC1A,5545
ZC3H11A,5546
ZC3H13,5547
ZC3H14,5548
ZC3H15,5549
ZC3H18,5550
ZC3H4,5551
ZC3H7A,5552
ZC3H7B,5553
ZC3HAV1,5554
ZC3HC1,5555
ZDHHC14,5556
ZDHHC17,5557
ZDHHC20,5558
ZDHHC5,5559
ZEB2,5560
ZER1,5561
ZFAND5,5562
ZFPL1,5563
ZFR,5564
ZFYVE1,5565
ZFYVE16,5566
ZFYVE21,5567
ZMAT2,5568
ZMPSTE24,5569
ZMYM3,5570
ZNF326,5571
ZNF365,5572
ZNF385A,5573
ZNF428,5574
ZNF483,5575
ZNF512B,5576
ZNF638,5577
ZNF687,5578
ZNF706,5579
ZNF728,5580
ZNF787,5581
ZNF800,5582
ZNFX1,5583
ZNHIT2,5584
ZPR1,5585
ZRANB2,5586
ZSCAN18,5587
ZW10,5588
ZYG11B,5589
ZYX,5590
ZZEF1,5591
